id,timestamp,temperature,humidity,irradiance,wind_speed,source,wind_power_density,solar_energy_yield
152643,2025-04-01 00:00:00,29.4,70.0,0,2.0,meteostat,4.90,0
152644,2025-04-01 01:00:00,31.0,62.0,0,1.0,meteostat,0.61,0
152645,2025-04-01 02:00:00,29.0,70.0,0,4.611111,meteostat,60.05,0
152646,2025-04-01 03:00:00,31.8,63.0,0,4.0,meteostat,39.20,0
152647,2025-04-01 04:00:00,32.0,63.0,0,2.6111112,meteostat,10.90,0
152648,2025-04-01 05:00:00,33.0,59.0,0,2.6111112,meteostat,10.90,0
152649,2025-04-01 06:00:00,33.1,58.0,0,2.0,meteostat,4.90,0
152650,2025-04-01 07:00:00,34.0,53.0,0,3.6111112,meteostat,28.84,0
152651,2025-04-01 08:00:00,33.0,56.0,0,3.6111112,meteostat,28.84,0
152652,2025-04-01 09:00:00,32.0,63.0,0,4.0,meteostat,39.20,0
152653,2025-04-01 10:00:00,31.0,66.0,0,3.6111112,meteostat,28.84,0
152654,2025-04-01 11:00:00,30.0,70.0,0,3.6111112,meteostat,28.84,0
152655,2025-04-01 12:00:00,29.2,74.0,0,3.0,meteostat,16.54,0
152656,2025-04-01 13:00:00,29.0,74.0,0,3.1111112,meteostat,18.44,0
152657,2025-04-01 14:00:00,29.0,74.0,0,3.6111112,meteostat,28.84,0
152658,2025-04-01 15:00:00,28.8,73.0,0,3.0,meteostat,16.54,0
152659,2025-04-01 16:00:00,29.0,70.0,0,2.6111112,meteostat,10.90,0
152660,2025-04-01 17:00:00,28.0,74.0,0,3.1111112,meteostat,18.44,0
152661,2025-04-01 18:00:00,28.1,72.0,0,3.0,meteostat,16.54,0
152662,2025-04-01 19:00:00,28.0,70.0,0,3.1111112,meteostat,18.44,0
152663,2025-04-01 20:00:00,28.0,70.0,0,2.1111112,meteostat,5.76,0
152664,2025-04-01 21:00:00,27.5,76.0,0,2.0,meteostat,4.90,0
152665,2025-04-01 22:00:00,27.0,79.0,0,1.5,meteostat,2.07,0
152666,2025-04-01 23:00:00,29.0,70.0,0,2.1111112,meteostat,5.76,0
152667,2025-04-02 00:00:00,30.0,64.0,0,3.0,meteostat,16.54,0
152668,2025-04-02 01:00:00,32.0,56.0,0,2.6111112,meteostat,10.90,0
152669,2025-04-02 02:00:00,32.0,56.0,0,2.1111112,meteostat,5.76,0
152670,2025-04-02 03:00:00,30.2,62.0,0,2.0,meteostat,4.90,0
152671,2025-04-02 04:00:00,33.0,52.0,0,2.6111112,meteostat,10.90,0
152672,2025-04-02 05:00:00,33.0,52.0,0,1.5,meteostat,2.07,0
152673,2025-04-02 06:00:00,33.6,51.0,0,3.0,meteostat,16.54,0
152674,2025-04-02 07:00:00,34.0,50.0,0,2.6111112,meteostat,10.90,0
152675,2025-04-02 08:00:00,34.0,50.0,0,3.6111112,meteostat,28.84,0
152676,2025-04-02 09:00:00,33.0,57.0,0,4.0,meteostat,39.20,0
152677,2025-04-02 10:00:00,31.0,66.0,0,3.6111112,meteostat,28.84,0
152678,2025-04-02 11:00:00,30.0,70.0,0,3.6111112,meteostat,28.84,0
152679,2025-04-02 12:00:00,29.4,72.0,0,3.0,meteostat,16.54,0
152680,2025-04-02 13:00:00,29.0,70.0,0,3.1111112,meteostat,18.44,0
152681,2025-04-02 14:00:00,28.0,74.0,0,3.6111112,meteostat,28.84,0
152682,2025-04-02 15:00:00,28.3,74.0,0,3.0,meteostat,16.54,0
152683,2025-04-02 16:00:00,28.0,74.0,0,3.1111112,meteostat,18.44,0
152684,2025-04-02 17:00:00,28.0,74.0,0,2.6111112,meteostat,10.90,0
152685,2025-04-02 18:00:00,28.3,74.0,0,3.0,meteostat,16.54,0
152686,2025-04-02 19:00:00,28.0,74.0,0,1.5,meteostat,2.07,0
152687,2025-04-02 20:00:00,28.0,74.0,0,1.5,meteostat,2.07,0
152688,2025-04-02 21:00:00,27.4,76.0,0,1.0,meteostat,0.61,0
152689,2025-04-02 22:00:00,27.0,79.0,0,1.5,meteostat,2.07,0
152690,2025-04-02 23:00:00,29.0,70.0,0,2.1111112,meteostat,5.76,0
152691,2025-04-03 00:00:00,30.0,65.0,0,2.0,meteostat,4.90,0
152692,2025-04-03 01:00:00,31.0,59.0,0,2.1111112,meteostat,5.76,0
152693,2025-04-03 02:00:00,32.0,56.0,0,2.6111112,meteostat,10.90,0
152694,2025-04-03 03:00:00,31.8,63.0,0,2.0,meteostat,4.90,0
152695,2025-04-03 04:00:00,31.0,66.0,0,2.6111112,meteostat,10.90,0
152696,2025-04-03 05:00:00,34.0,56.0,0,3.6111112,meteostat,28.84,0
152697,2025-04-03 06:00:00,33.9,54.0,0,4.0,meteostat,39.20,0
152698,2025-04-03 07:00:00,33.0,59.0,0,4.111111,meteostat,42.56,0
152699,2025-04-03 08:00:00,33.0,59.0,0,4.111111,meteostat,42.56,0
152700,2025-04-03 09:00:00,32.4,62.0,0,4.0,meteostat,39.20,0
152701,2025-04-03 10:00:00,31.0,66.0,0,4.111111,meteostat,42.56,0
152702,2025-04-03 11:00:00,30.0,70.0,0,3.6111112,meteostat,28.84,0
152703,2025-04-03 12:00:00,29.5,69.0,0,3.0,meteostat,16.54,0
152704,2025-04-03 13:00:00,29.0,74.0,0,3.6111112,meteostat,28.84,0
152705,2025-04-03 14:00:00,29.0,74.0,0,4.111111,meteostat,42.56,0
152706,2025-04-03 15:00:00,28.6,74.0,0,4.0,meteostat,39.20,0
152707,2025-04-03 16:00:00,28.0,74.0,0,2.6111112,meteostat,10.90,0
152708,2025-04-03 17:00:00,28.0,79.0,0,2.6111112,meteostat,10.90,0
152709,2025-04-03 18:00:00,27.9,78.0,0,3.0,meteostat,16.54,0
152710,2025-04-03 19:00:00,28.0,79.0,0,2.1111112,meteostat,5.76,0
152711,2025-04-03 20:00:00,28.0,79.0,0,3.1111112,meteostat,18.44,0
152712,2025-04-03 21:00:00,27.7,81.0,0,3.0,meteostat,16.54,0
152713,2025-04-03 22:00:00,28.0,79.0,0,1.5,meteostat,2.07,0
152714,2025-04-03 23:00:00,29.0,70.0,0,3.6111112,meteostat,28.84,0
152715,2025-04-04 00:00:00,29.7,66.0,0,4.0,meteostat,39.20,0
152716,2025-04-04 01:00:00,31.0,62.0,0,3.6111112,meteostat,28.84,0
152717,2025-04-04 02:00:00,32.0,59.0,0,4.111111,meteostat,42.56,0
152718,2025-04-04 03:00:00,32.9,56.0,0,4.0,meteostat,39.20,0
152719,2025-04-04 04:00:00,34.0,53.0,0,3.6111112,meteostat,28.84,0
152720,2025-04-04 05:00:00,34.0,53.0,0,4.611111,meteostat,60.05,0
152721,2025-04-04 06:00:00,34.1,52.0,0,4.0,meteostat,39.20,0
152722,2025-04-04 07:00:00,34.0,53.0,0,4.611111,meteostat,60.05,0
152723,2025-04-04 08:00:00,34.0,53.0,0,4.111111,meteostat,42.56,0
152724,2025-04-04 09:00:00,32.5,60.0,0,5.0,meteostat,76.56,0
152725,2025-04-04 10:00:00,31.0,66.0,0,4.111111,meteostat,42.56,0
152726,2025-04-04 11:00:00,30.0,70.0,0,3.6111112,meteostat,28.84,0
152727,2025-04-04 12:00:00,29.6,71.0,0,4.0,meteostat,39.20,0
152728,2025-04-04 13:00:00,29.0,70.0,0,4.611111,meteostat,60.05,0
152729,2025-04-04 14:00:00,29.0,70.0,0,3.6111112,meteostat,28.84,0
152730,2025-04-04 15:00:00,28.8,73.0,0,5.0,meteostat,76.56,0
152731,2025-04-04 16:00:00,29.0,74.0,0,4.111111,meteostat,42.56,0
152732,2025-04-04 17:00:00,28.0,79.0,0,3.6111112,meteostat,28.84,0
152733,2025-04-04 18:00:00,27.9,78.0,0,4.0,meteostat,39.20,0
152734,2025-04-04 19:00:00,28.0,79.0,0,2.6111112,meteostat,10.90,0
152735,2025-04-04 20:00:00,27.0,84.0,0,3.6111112,meteostat,28.84,0
152736,2025-04-04 21:00:00,26.3,87.0,0,6.0,meteostat,132.30,0
152737,2025-04-04 22:00:00,26.0,89.0,0,3.1111112,meteostat,18.44,0
152738,2025-04-04 23:00:00,27.0,84.0,0,2.1111112,meteostat,5.76,0
152739,2025-04-05 00:00:00,28.5,74.0,0,3.0,meteostat,16.54,0
152740,2025-04-05 01:00:00,30.0,66.0,0,1.5,meteostat,2.07,0
152741,2025-04-05 02:00:00,32.0,59.0,0,2.6111112,meteostat,10.90,0
152742,2025-04-05 03:00:00,31.7,66.0,0,3.0,meteostat,16.54,0
152743,2025-04-05 04:00:00,33.0,59.0,0,4.111111,meteostat,42.56,0
152744,2025-04-05 05:00:00,30.0,70.0,0,4.111111,meteostat,42.56,0
152745,2025-04-05 06:00:00,29.8,71.0,0,6.0,meteostat,132.30,0
152746,2025-04-05 07:00:00,32.0,59.0,0,3.6111112,meteostat,28.84,0
152747,2025-04-05 08:00:00,32.0,63.0,0,4.111111,meteostat,42.56,0
152748,2025-04-05 09:00:00,32.0,60.0,0,4.0,meteostat,39.20,0
152749,2025-04-05 10:00:00,31.0,62.0,0,4.111111,meteostat,42.56,0
152750,2025-04-05 11:00:00,30.0,70.0,0,3.1111112,meteostat,18.44,0
152751,2025-04-05 12:00:00,29.5,68.0,0,3.0,meteostat,16.54,0
152752,2025-04-05 13:00:00,29.0,70.0,0,2.6111112,meteostat,10.90,0
152753,2025-04-05 14:00:00,29.0,70.0,0,2.6111112,meteostat,10.90,0
152754,2025-04-05 15:00:00,28.7,68.0,0,3.0,meteostat,16.54,0
152755,2025-04-05 16:00:00,28.0,74.0,0,2.6111112,meteostat,10.90,0
152756,2025-04-05 17:00:00,28.0,74.0,0,2.6111112,meteostat,10.90,0
152757,2025-04-05 18:00:00,27.8,74.0,0,2.0,meteostat,4.90,0
152758,2025-04-05 19:00:00,27.0,79.0,0,1.5,meteostat,2.07,0
152759,2025-04-05 20:00:00,27.0,79.0,0,1.5,meteostat,2.07,0
152760,2025-04-05 21:00:00,26.7,76.0,0,1.0,meteostat,0.61,0
152761,2025-04-05 22:00:00,26.0,79.0,0,1.5,meteostat,2.07,0
152762,2025-04-05 23:00:00,27.0,79.0,0,1.5,meteostat,2.07,0
152763,2025-04-06 00:00:00,29.6,64.0,0,1.0,meteostat,0.61,0
152764,2025-04-06 01:00:00,31.0,59.0,0,1.5,meteostat,2.07,0
152765,2025-04-06 02:00:00,32.0,56.0,0,2.6111112,meteostat,10.90,0
152766,2025-04-06 03:00:00,30.8,68.0,0,3.0,meteostat,16.54,0
152767,2025-04-06 04:00:00,32.0,63.0,0,2.1111112,meteostat,5.76,0
152768,2025-04-06 05:00:00,32.0,63.0,0,1.5,meteostat,2.07,0
152769,2025-04-06 06:00:00,34.0,53.0,0,4.0,meteostat,39.20,0
152770,2025-04-06 07:00:00,35.0,50.0,0,4.111111,meteostat,42.56,0
152771,2025-04-06 08:00:00,33.0,52.0,0,4.611111,meteostat,60.05,0
152772,2025-04-06 09:00:00,33.6,51.0,0,4.0,meteostat,39.20,0
152773,2025-04-06 10:00:00,32.0,59.0,0,3.6111112,meteostat,28.84,0
152774,2025-04-06 11:00:00,31.0,62.0,0,2.6111112,meteostat,10.90,0
152775,2025-04-06 12:00:00,30.4,66.0,0,3.0,meteostat,16.54,0
152776,2025-04-06 13:00:00,30.0,66.0,0,2.1111112,meteostat,5.76,0
152777,2025-04-06 14:00:00,29.0,79.0,0,3.1111112,meteostat,18.44,0
152778,2025-04-06 15:00:00,28.9,80.0,0,2.0,meteostat,4.90,0
152779,2025-04-06 16:00:00,29.0,79.0,0,2.1111112,meteostat,5.76,0
152780,2025-04-06 17:00:00,29.0,74.0,0,1.5,meteostat,2.07,0
152781,2025-04-06 18:00:00,28.3,80.0,0,3.0,meteostat,16.54,0
152782,2025-04-06 19:00:00,28.0,84.0,0,2.6111112,meteostat,10.90,0
152783,2025-04-06 20:00:00,28.0,79.0,0,2.6111112,meteostat,10.90,0
152784,2025-04-06 21:00:00,27.6,79.0,0,2.0,meteostat,4.90,0
152785,2025-04-06 22:00:00,27.0,79.0,0,2.1111112,meteostat,5.76,0
152786,2025-04-06 23:00:00,29.0,70.0,0,2.1111112,meteostat,5.76,0
152787,2025-04-07 00:00:00,29.9,64.0,0,2.0,meteostat,4.90,0
152788,2025-04-07 01:00:00,32.0,52.0,0,3.1111112,meteostat,18.44,0
152789,2025-04-07 02:00:00,32.0,56.0,0,4.111111,meteostat,42.56,0
152790,2025-04-07 03:00:00,33.6,56.0,0,4.0,meteostat,39.20,0
152791,2025-04-07 04:00:00,33.0,59.0,0,4.611111,meteostat,60.05,0
152792,2025-04-07 05:00:00,34.0,56.0,0,5.111111,meteostat,81.78,0
152793,2025-04-07 06:00:00,34.9,53.0,0,4.0,meteostat,39.20,0
152794,2025-04-07 07:00:00,34.0,56.0,0,4.611111,meteostat,60.05,0
152795,2025-04-07 08:00:00,34.0,56.0,0,4.611111,meteostat,60.05,0
152796,2025-04-07 09:00:00,33.2,60.0,0,4.0,meteostat,39.20,0
152797,2025-04-07 10:00:00,32.0,63.0,0,4.111111,meteostat,42.56,0
152798,2025-04-07 11:00:00,31.0,66.0,0,4.111111,meteostat,42.56,0
152799,2025-04-07 12:00:00,30.5,67.0,0,3.0,meteostat,16.54,0
152800,2025-04-07 13:00:00,30.0,70.0,0,3.6111112,meteostat,28.84,0
152801,2025-04-07 14:00:00,30.0,70.0,0,3.6111112,meteostat,28.84,0
152802,2025-04-07 15:00:00,29.5,71.0,0,4.0,meteostat,39.20,0
152803,2025-04-07 16:00:00,29.0,74.0,0,3.1111112,meteostat,18.44,0
152804,2025-04-07 17:00:00,29.0,74.0,0,2.1111112,meteostat,5.76,0
152805,2025-04-07 18:00:00,28.5,77.0,0,3.0,meteostat,16.54,0
152806,2025-04-07 19:00:00,28.0,79.0,0,2.1111112,meteostat,5.76,0
152807,2025-04-07 20:00:00,28.0,79.0,0,2.1111112,meteostat,5.76,0
152808,2025-04-07 21:00:00,28.1,78.0,0,2.0,meteostat,4.90,0
152809,2025-04-07 22:00:00,28.0,74.0,0,2.1111112,meteostat,5.76,0
152810,2025-04-07 23:00:00,29.0,74.0,0,2.6111112,meteostat,10.90,0
152811,2025-04-08 00:00:00,30.1,65.0,0,2.0,meteostat,4.90,0
152812,2025-04-08 01:00:00,32.0,63.0,0,3.1111112,meteostat,18.44,0
152813,2025-04-08 02:00:00,31.0,62.0,0,3.1111112,meteostat,18.44,0
152814,2025-04-08 03:00:00,32.8,58.0,0,4.0,meteostat,39.20,0
152815,2025-04-08 04:00:00,34.0,56.0,0,3.6111112,meteostat,28.84,0
152816,2025-04-08 05:00:00,34.0,56.0,0,5.111111,meteostat,81.78,0
152817,2025-04-08 06:00:00,34.2,56.0,0,5.0,meteostat,76.56,0
152818,2025-04-08 07:00:00,34.0,56.0,0,4.611111,meteostat,60.05,0
152819,2025-04-08 08:00:00,34.0,56.0,0,4.611111,meteostat,60.05,0
152820,2025-04-08 09:00:00,32.6,61.0,0,5.0,meteostat,76.56,0
152821,2025-04-08 10:00:00,32.0,63.0,0,3.6111112,meteostat,28.84,0
152822,2025-04-08 11:00:00,31.0,66.0,0,3.6111112,meteostat,28.84,0
152823,2025-04-08 12:00:00,30.1,66.0,0,4.0,meteostat,39.20,0
152824,2025-04-08 13:00:00,30.0,66.0,0,3.6111112,meteostat,28.84,0
152825,2025-04-08 14:00:00,29.0,74.0,0,3.1111112,meteostat,18.44,0
152826,2025-04-08 15:00:00,29.1,70.0,0,4.0,meteostat,39.20,0
152827,2025-04-08 16:00:00,29.0,70.0,0,3.1111112,meteostat,18.44,0
152828,2025-04-08 17:00:00,29.0,70.0,0,3.1111112,meteostat,18.44,0
152829,2025-04-08 18:00:00,28.7,73.0,0,3.0,meteostat,16.54,0
152830,2025-04-08 19:00:00,29.0,74.0,0,3.6111112,meteostat,28.84,0
152831,2025-04-08 20:00:00,28.0,74.0,0,3.1111112,meteostat,18.44,0
152832,2025-04-08 21:00:00,28.1,76.0,0,3.0,meteostat,16.54,0
152833,2025-04-08 22:00:00,28.0,74.0,0,2.1111112,meteostat,5.76,0
152834,2025-04-08 23:00:00,29.0,70.0,0,2.1111112,meteostat,5.76,0
152835,2025-04-09 00:00:00,30.4,65.0,0,5.0,meteostat,76.56,0
152836,2025-04-09 01:00:00,31.0,62.0,0,2.6111112,meteostat,10.90,0
152837,2025-04-09 02:00:00,33.0,56.0,0,2.6111112,meteostat,10.90,0
152838,2025-04-09 03:00:00,33.8,54.0,0,3.0,meteostat,16.54,0
152839,2025-04-09 04:00:00,34.0,53.0,0,3.1111112,meteostat,18.44,0
152840,2025-04-09 05:00:00,35.0,50.0,0,3.1111112,meteostat,18.44,0
152841,2025-04-09 06:00:00,35.2,48.0,0,3.0,meteostat,16.54,0
152842,2025-04-09 07:00:00,35.0,47.0,0,4.111111,meteostat,42.56,0
152843,2025-04-09 08:00:00,34.0,47.0,0,5.111111,meteostat,81.78,0
152844,2025-04-09 09:00:00,33.6,50.0,0,5.0,meteostat,76.56,0
152845,2025-04-09 10:00:00,32.0,56.0,0,3.6111112,meteostat,28.84,0
152846,2025-04-09 11:00:00,31.0,59.0,0,4.111111,meteostat,42.56,0
152847,2025-04-09 12:00:00,30.3,64.0,0,3.0,meteostat,16.54,0
152848,2025-04-09 13:00:00,30.0,66.0,0,3.1111112,meteostat,18.44,0
152849,2025-04-09 14:00:00,29.0,70.0,0,2.6111112,meteostat,10.90,0
152850,2025-04-09 15:00:00,29.1,68.0,0,3.0,meteostat,16.54,0
152851,2025-04-09 16:00:00,29.0,70.0,0,3.1111112,meteostat,18.44,0
152852,2025-04-09 17:00:00,29.0,70.0,0,2.1111112,meteostat,5.76,0
152853,2025-04-09 18:00:00,28.2,72.0,0,3.0,meteostat,16.54,0
152854,2025-04-09 19:00:00,28.0,70.0,0,1.0,meteostat,0.61,0
152855,2025-04-09 20:00:00,28.0,70.0,0,0.5,meteostat,0.08,0
152856,2025-04-09 21:00:00,27.6,73.0,0,2.0,meteostat,4.90,0
152857,2025-04-09 22:00:00,27.0,74.0,0,1.5,meteostat,2.07,0
152858,2025-04-09 23:00:00,29.0,70.0,0,2.1111112,meteostat,5.76,0
152859,2025-04-10 00:00:00,30.4,65.0,0,2.0,meteostat,4.90,0
152860,2025-04-10 01:00:00,31.0,59.0,0,2.1111112,meteostat,5.76,0
152861,2025-04-10 02:00:00,33.0,46.0,0,3.1111112,meteostat,18.44,0
152862,2025-04-10 03:00:00,34.0,44.0,0,3.0,meteostat,16.54,0
152863,2025-04-10 04:00:00,34.0,44.0,0,3.1111112,meteostat,18.44,0
152864,2025-04-10 05:00:00,35.0,44.0,0,3.6111112,meteostat,28.84,0
152865,2025-04-10 06:00:00,35.6,44.0,0,3.0,meteostat,16.54,0
152866,2025-04-10 07:00:00,36.0,47.0,0,3.1111112,meteostat,18.44,0
152867,2025-04-10 08:00:00,36.0,50.0,0,2.6111112,meteostat,10.90,0
152868,2025-04-10 09:00:00,32.0,64.0,0,6.0,meteostat,132.30,0
152869,2025-04-10 10:00:00,31.0,70.0,0,5.111111,meteostat,81.78,0
152870,2025-04-10 11:00:00,30.0,75.0,0,4.611111,meteostat,60.05,0
152871,2025-04-10 12:00:00,29.7,81.0,0,6.0,meteostat,132.30,0
152872,2025-04-10 13:00:00,29.0,84.0,0,3.6111112,meteostat,28.84,0
152873,2025-04-10 14:00:00,29.0,84.0,0,2.6111112,meteostat,10.90,0
152874,2025-04-10 15:00:00,29.6,76.0,0,3.0,meteostat,16.54,0
152875,2025-04-10 16:00:00,29.0,79.0,0,2.1111112,meteostat,5.76,0
152876,2025-04-10 17:00:00,29.0,79.0,0,1.0,meteostat,0.61,0
152877,2025-04-10 18:00:00,29.3,75.0,0,1.0,meteostat,0.61,0
152878,2025-04-10 19:00:00,29.0,79.0,0,1.0,meteostat,0.61,0
152879,2025-04-10 20:00:00,29.0,79.0,0,1.0,meteostat,0.61,0
152880,2025-04-10 21:00:00,28.5,80.0,0,1.0,meteostat,0.61,0
152881,2025-04-10 22:00:00,29.0,79.0,0,1.5,meteostat,2.07,0
152882,2025-04-10 23:00:00,29.0,79.0,0,1.5,meteostat,2.07,0
152883,2025-04-11 00:00:00,29.0,79.0,0,1.0,meteostat,0.61,0
152884,2025-04-11 01:00:00,31.0,70.0,0,1.0,meteostat,0.61,0
152885,2025-04-11 02:00:00,33.0,59.0,0,1.5,meteostat,2.07,0
152886,2025-04-11 03:00:00,34.0,57.0,0,3.0,meteostat,16.54,0
152887,2025-04-11 04:00:00,35.0,53.0,0,3.6111112,meteostat,28.84,0
152888,2025-04-11 05:00:00,35.0,53.0,0,4.611111,meteostat,60.05,0
152889,2025-04-11 06:00:00,35.2,49.0,0,5.0,meteostat,76.56,0
152890,2025-04-11 07:00:00,35.0,50.0,0,5.111111,meteostat,81.78,0
152891,2025-04-11 08:00:00,35.0,50.0,0,5.111111,meteostat,81.78,0
152892,2025-04-11 09:00:00,33.6,57.0,0,5.0,meteostat,76.56,0
152893,2025-04-11 10:00:00,33.0,63.0,0,3.6111112,meteostat,28.84,0
152894,2025-04-11 11:00:00,32.0,67.0,0,3.1111112,meteostat,18.44,0
152895,2025-04-11 12:00:00,31.0,67.0,0,4.0,meteostat,39.20,0
152896,2025-04-11 13:00:00,30.0,70.0,0,4.111111,meteostat,42.56,0
152897,2025-04-11 14:00:00,30.0,66.0,0,3.1111112,meteostat,18.44,0
152898,2025-04-11 15:00:00,29.7,69.0,0,4.0,meteostat,39.20,0
152899,2025-04-11 16:00:00,29.0,74.0,0,4.111111,meteostat,42.56,0
152900,2025-04-11 17:00:00,29.0,70.0,0,3.6111112,meteostat,28.84,0
152901,2025-04-11 18:00:00,29.0,70.0,0,2.0,meteostat,4.90,0
152902,2025-04-11 19:00:00,29.0,70.0,0,1.0,meteostat,0.61,0
152903,2025-04-11 20:00:00,28.0,70.0,0,1.0,meteostat,0.61,0
152904,2025-04-11 21:00:00,28.2,72.0,0,0,meteostat,0,0
152905,2025-04-11 22:00:00,28.0,74.0,0,0,meteostat,0,0
152906,2025-04-11 23:00:00,29.0,70.0,0,1.0,meteostat,0.61,0
152907,2025-04-12 00:00:00,30.0,67.0,0,2.0,meteostat,4.90,0
152908,2025-04-12 01:00:00,33.0,56.0,0,2.6111112,meteostat,10.90,0
152909,2025-04-12 02:00:00,33.0,59.0,0,3.6111112,meteostat,28.84,0
152910,2025-04-12 03:00:00,33.3,56.0,0,5.0,meteostat,76.56,0
152911,2025-04-12 04:00:00,35.0,50.0,0,4.111111,meteostat,42.56,0
152912,2025-04-12 05:00:00,36.0,47.0,0,3.6111112,meteostat,28.84,0
152913,2025-04-12 06:00:00,36.0,48.0,0,4.0,meteostat,39.20,0
152914,2025-04-12 07:00:00,36.0,47.0,0,3.6111112,meteostat,28.84,0
152915,2025-04-12 08:00:00,36.0,47.0,0,3.6111112,meteostat,28.84,0
152916,2025-04-12 09:00:00,35.1,54.0,0,4.0,meteostat,39.20,0
152917,2025-04-12 10:00:00,33.0,63.0,0,4.111111,meteostat,42.56,0
152918,2025-04-12 11:00:00,32.0,67.0,0,4.611111,meteostat,60.05,0
152919,2025-04-12 12:00:00,30.8,72.0,0,4.0,meteostat,39.20,0
152920,2025-04-12 13:00:00,30.0,75.0,0,3.6111112,meteostat,28.84,0
152921,2025-04-12 14:00:00,30.0,75.0,0,4.111111,meteostat,42.56,0
152922,2025-04-12 15:00:00,29.8,76.0,0,3.0,meteostat,16.54,0
152923,2025-04-12 16:00:00,30.0,75.0,0,3.1111112,meteostat,18.44,0
152924,2025-04-12 17:00:00,30.0,75.0,0,3.1111112,meteostat,18.44,0
152925,2025-04-12 18:00:00,29.4,76.0,0,2.0,meteostat,4.90,0
152926,2025-04-12 19:00:00,29.0,79.0,0,2.6111112,meteostat,10.90,0
152927,2025-04-12 20:00:00,29.0,79.0,0,1.5,meteostat,2.07,0
152928,2025-04-12 21:00:00,29.0,80.0,0,2.0,meteostat,4.90,0
152929,2025-04-12 22:00:00,29.0,79.0,0,2.1111112,meteostat,5.76,0
152930,2025-04-12 23:00:00,30.0,75.0,0,2.1111112,meteostat,5.76,0
152931,2025-04-13 00:00:00,31.0,72.0,0,3.0,meteostat,16.54,0
152932,2025-04-13 01:00:00,32.0,67.0,0,2.6111112,meteostat,10.90,0
152933,2025-04-13 02:00:00,34.0,63.0,0,1.5,meteostat,2.07,0
152934,2025-04-13 03:00:00,32.2,66.0,0,2.0,meteostat,4.90,0
152935,2025-04-13 04:00:00,33.0,63.0,0,2.6111112,meteostat,10.90,0
152936,2025-04-13 05:00:00,34.0,60.0,0,2.6111112,meteostat,10.90,0
152937,2025-04-13 06:00:00,35.4,56.0,0,2.0,meteostat,4.90,0
152938,2025-04-13 07:00:00,36.0,47.0,0,2.6111112,meteostat,10.90,0
152939,2025-04-13 08:00:00,34.0,56.0,0,9.305555,meteostat,493.55,0
152940,2025-04-13 09:00:00,30.5,67.0,0,3.0,meteostat,16.54,0
152941,2025-04-13 10:00:00,32.0,63.0,0,2.1111112,meteostat,5.76,0
152942,2025-04-13 11:00:00,30.0,75.0,0,1.5,meteostat,2.07,0
152943,2025-04-13 12:00:00,30.6,69.0,0,1.0,meteostat,0.61,0
152944,2025-04-13 13:00:00,31.0,70.0,0,1.5,meteostat,2.07,0
152945,2025-04-13 14:00:00,30.0,75.0,0,1.0,meteostat,0.61,0
152946,2025-04-13 15:00:00,29.8,74.0,0,1.0,meteostat,0.61,0
152947,2025-04-13 16:00:00,30.0,75.0,0,1.0,meteostat,0.61,0
152948,2025-04-13 17:00:00,30.0,79.0,0,1.0,meteostat,0.61,0
152949,2025-04-13 18:00:00,29.0,84.0,0,1.0,meteostat,0.61,0
152950,2025-04-13 19:00:00,29.0,84.0,0,2.1111112,meteostat,5.76,0
152951,2025-04-13 20:00:00,29.0,79.0,0,1.5,meteostat,2.07,0
152952,2025-04-13 21:00:00,28.3,79.0,0,1.0,meteostat,0.61,0
152953,2025-04-13 22:00:00,29.0,74.0,0,1.5,meteostat,2.07,0
152954,2025-04-13 23:00:00,29.0,74.0,0,1.5,meteostat,2.07,0
152955,2025-04-14 00:00:00,30.3,72.0,0,1.0,meteostat,0.61,0
152956,2025-04-14 01:00:00,32.0,67.0,0,1.5,meteostat,2.07,0
152957,2025-04-14 02:00:00,31.0,70.0,0,3.1111112,meteostat,18.44,0
152958,2025-04-14 03:00:00,32.1,67.0,0,3.0,meteostat,16.54,0
152959,2025-04-14 04:00:00,34.0,60.0,0,3.6111112,meteostat,28.84,0
152960,2025-04-14 05:00:00,34.0,56.0,0,3.6111112,meteostat,28.84,0
152961,2025-04-14 06:00:00,34.3,62.0,0,4.0,meteostat,39.20,0
152962,2025-04-14 07:00:00,35.0,47.0,0,4.111111,meteostat,42.56,0
152963,2025-04-14 08:00:00,35.0,47.0,0,4.111111,meteostat,42.56,0
152964,2025-04-14 09:00:00,33.6,55.0,0,4.0,meteostat,39.20,0
152965,2025-04-14 10:00:00,33.0,63.0,0,4.111111,meteostat,42.56,0
152966,2025-04-14 11:00:00,31.0,66.0,0,4.111111,meteostat,42.56,0
152967,2025-04-14 12:00:00,31.0,70.0,0,2.0,meteostat,4.90,0
152968,2025-04-14 13:00:00,30.0,75.0,0,3.1111112,meteostat,18.44,0
152969,2025-04-14 14:00:00,30.0,75.0,0,2.1111112,meteostat,5.76,0
152970,2025-04-14 15:00:00,30.5,72.0,0,2.0,meteostat,4.90,0
152971,2025-04-14 16:00:00,30.0,75.0,0,1.0,meteostat,0.61,0
152972,2025-04-14 17:00:00,30.0,75.0,0,1.0,meteostat,0.61,0
152973,2025-04-14 18:00:00,29.7,80.0,0,2.0,meteostat,4.90,0
152974,2025-04-14 19:00:00,29.0,84.0,0,1.5,meteostat,2.07,0
152975,2025-04-14 20:00:00,29.0,84.0,0,1.5,meteostat,2.07,0
152976,2025-04-14 21:00:00,29.0,76.0,0,2.0,meteostat,4.90,0
152977,2025-04-14 22:00:00,29.0,79.0,0,2.6111112,meteostat,10.90,0
152978,2025-04-14 23:00:00,30.0,75.0,0,1.5,meteostat,2.07,0
152979,2025-04-15 00:00:00,31.1,70.0,0,1.0,meteostat,0.61,0
152980,2025-04-15 01:00:00,30.0,75.0,0,2.6111112,meteostat,10.90,0
152981,2025-04-15 02:00:00,32.0,67.0,0,2.1111112,meteostat,5.76,0
152982,2025-04-15 03:00:00,32.5,63.0,0,4.0,meteostat,39.20,0
152983,2025-04-15 04:00:00,33.0,63.0,0,4.111111,meteostat,42.56,0
152984,2025-04-15 05:00:00,34.0,60.0,0,4.611111,meteostat,60.05,0
152985,2025-04-15 06:00:00,33.8,60.0,0,4.0,meteostat,39.20,0
152986,2025-04-15 07:00:00,35.0,56.0,0,3.6111112,meteostat,28.84,0
152987,2025-04-15 08:00:00,34.0,53.0,0,4.111111,meteostat,42.56,0
152988,2025-04-15 09:00:00,32.2,69.0,0,6.0,meteostat,132.30,0
152989,2025-04-15 10:00:00,31.0,70.0,0,5.111111,meteostat,81.78,0
152990,2025-04-15 11:00:00,31.0,70.0,0,1.5,meteostat,2.07,0
152991,2025-04-15 12:00:00,31.2,70.0,0,3.0,meteostat,16.54,0
152992,2025-04-15 13:00:00,31.0,70.0,0,2.6111112,meteostat,10.90,0
152993,2025-04-15 14:00:00,31.0,70.0,0,2.6111112,meteostat,10.90,0
152994,2025-04-15 15:00:00,30.3,75.0,0,2.0,meteostat,4.90,0
152995,2025-04-15 16:00:00,30.0,75.0,0,2.1111112,meteostat,5.76,0
152996,2025-04-15 17:00:00,30.0,79.0,0,2.6111112,meteostat,10.90,0
152997,2025-04-15 18:00:00,29.5,80.0,0,3.0,meteostat,16.54,0
152998,2025-04-15 19:00:00,29.0,84.0,0,2.6111112,meteostat,10.90,0
152999,2025-04-15 20:00:00,29.0,79.0,0,1.5,meteostat,2.07,0
153000,2025-04-15 21:00:00,29.1,74.0,0,2.0,meteostat,4.90,0
153001,2025-04-15 22:00:00,29.0,74.0,0,2.1111112,meteostat,5.76,0
153002,2025-04-15 23:00:00,30.0,75.0,0,2.1111112,meteostat,5.76,0
153003,2025-04-16 00:00:00,30.6,67.0,0,3.0,meteostat,16.54,0
153004,2025-04-16 01:00:00,32.0,63.0,0,2.6111112,meteostat,10.90,0
153005,2025-04-16 02:00:00,33.0,59.0,0,3.1111112,meteostat,18.44,0
153006,2025-04-16 03:00:00,33.9,53.0,0,3.0,meteostat,16.54,0
153007,2025-04-16 04:00:00,35.0,50.0,0,3.6111112,meteostat,28.84,0
153008,2025-04-16 05:00:00,35.0,44.0,0,4.111111,meteostat,42.56,0
153009,2025-04-16 06:00:00,36.3,41.0,0,4.0,meteostat,39.20,0
153010,2025-04-16 07:00:00,37.0,37.0,0,3.6111112,meteostat,28.84,0
153011,2025-04-16 08:00:00,36.0,47.0,0,4.611111,meteostat,60.05,0
153012,2025-04-16 09:00:00,34.3,52.0,0,5.0,meteostat,76.56,0
153013,2025-04-16 10:00:00,33.0,49.0,0,3.6111112,meteostat,28.84,0
153014,2025-04-16 11:00:00,32.0,52.0,0,3.6111112,meteostat,28.84,0
153015,2025-04-16 12:00:00,31.3,58.0,0,3.0,meteostat,16.54,0
153016,2025-04-16 13:00:00,31.0,59.0,0,2.6111112,meteostat,10.90,0
153017,2025-04-16 14:00:00,30.0,62.0,0,2.6111112,meteostat,10.90,0
153018,2025-04-16 15:00:00,29.8,66.0,0,4.0,meteostat,39.20,0
153019,2025-04-16 16:00:00,29.0,70.0,0,2.6111112,meteostat,10.90,0
153020,2025-04-16 17:00:00,29.0,74.0,0,2.6111112,meteostat,10.90,0
153021,2025-04-16 18:00:00,28.8,73.0,0,3.0,meteostat,16.54,0
153022,2025-04-16 19:00:00,29.0,74.0,0,2.1111112,meteostat,5.76,0
153023,2025-04-16 20:00:00,27.0,79.0,0,1.5,meteostat,2.07,0
153024,2025-04-16 21:00:00,26.4,77.0,0,2.0,meteostat,4.90,0
153025,2025-04-16 22:00:00,27.0,79.0,0,2.1111112,meteostat,5.76,0
153026,2025-04-16 23:00:00,29.0,66.0,0,2.1111112,meteostat,5.76,0
153027,2025-04-17 00:00:00,30.2,61.0,0,2.0,meteostat,4.90,0
153028,2025-04-17 01:00:00,32.0,59.0,0,3.6111112,meteostat,28.84,0
153029,2025-04-17 02:00:00,33.0,59.0,0,2.6111112,meteostat,10.90,0
153030,2025-04-17 03:00:00,34.2,53.0,0,3.0,meteostat,16.54,0
153031,2025-04-17 04:00:00,35.0,50.0,0,4.111111,meteostat,42.56,0
153032,2025-04-17 05:00:00,36.0,42.0,0,3.1111112,meteostat,18.44,0
153033,2025-04-17 06:00:00,36.1,38.0,0,4.0,meteostat,39.20,0
153034,2025-04-17 07:00:00,37.0,42.0,0,3.1111112,meteostat,18.44,0
153035,2025-04-17 08:00:00,35.0,50.0,0,4.611111,meteostat,60.05,0
153036,2025-04-17 09:00:00,34.7,50.0,0,4.0,meteostat,39.20,0
153037,2025-04-17 10:00:00,33.0,56.0,0,4.111111,meteostat,42.56,0
153038,2025-04-17 11:00:00,32.0,56.0,0,3.1111112,meteostat,18.44,0
153039,2025-04-17 12:00:00,31.0,62.0,0,3.0,meteostat,16.54,0
153040,2025-04-17 13:00:00,31.0,62.0,0,3.1111112,meteostat,18.44,0
153041,2025-04-17 14:00:00,30.0,66.0,0,2.6111112,meteostat,10.90,0
153042,2025-04-17 15:00:00,29.7,69.0,0,3.0,meteostat,16.54,0
153043,2025-04-17 16:00:00,29.0,70.0,0,2.6111112,meteostat,10.90,0
153044,2025-04-17 17:00:00,29.0,70.0,0,3.1111112,meteostat,18.44,0
153045,2025-04-17 18:00:00,28.7,70.0,0,2.0,meteostat,4.90,0
153046,2025-04-17 19:00:00,28.0,70.0,0,2.1111112,meteostat,5.76,0
153047,2025-04-17 20:00:00,28.0,70.0,0,1.5,meteostat,2.07,0
153048,2025-04-17 21:00:00,25.4,80.0,0,2.0,meteostat,4.90,0
153049,2025-04-17 22:00:00,26.0,79.0,0,2.1111112,meteostat,5.76,0
153050,2025-04-17 23:00:00,29.0,66.0,0,3.1111112,meteostat,18.44,0
153051,2025-04-18 00:00:00,31.3,51.0,0,2.0,meteostat,4.90,0
153052,2025-04-18 01:00:00,32.0,49.0,0,3.1111112,meteostat,18.44,0
153053,2025-04-18 02:00:00,33.0,49.0,0,3.1111112,meteostat,18.44,0
153054,2025-04-18 03:00:00,32.8,56.0,0,3.0,meteostat,16.54,0
153055,2025-04-18 04:00:00,35.0,53.0,0,2.6111112,meteostat,10.90,0
153056,2025-04-18 05:00:00,36.0,47.0,0,3.6111112,meteostat,28.84,0
153057,2025-04-18 06:00:00,36.3,46.0,0,4.0,meteostat,39.20,0
153058,2025-04-18 07:00:00,36.0,50.0,0,4.111111,meteostat,42.56,0
153059,2025-04-18 08:00:00,35.0,50.0,0,4.111111,meteostat,42.56,0
153060,2025-04-18 09:00:00,34.6,52.0,0,5.0,meteostat,76.56,0
153061,2025-04-18 10:00:00,33.0,59.0,0,4.111111,meteostat,42.56,0
153062,2025-04-18 11:00:00,32.0,67.0,0,4.111111,meteostat,42.56,0
153063,2025-04-18 12:00:00,31.0,70.0,0,4.0,meteostat,39.20,0
153064,2025-04-18 13:00:00,31.0,70.0,0,3.6111112,meteostat,28.84,0
153065,2025-04-18 14:00:00,31.0,70.0,0,3.1111112,meteostat,18.44,0
153066,2025-04-18 15:00:00,30.5,70.0,0,4.0,meteostat,39.20,0
153067,2025-04-18 16:00:00,30.0,70.0,0,2.1111112,meteostat,5.76,0
153068,2025-04-18 17:00:00,30.0,70.0,0,2.6111112,meteostat,10.90,0
153069,2025-04-18 18:00:00,29.9,71.0,0,3.0,meteostat,16.54,0
153070,2025-04-18 19:00:00,30.0,70.0,0,3.1111112,meteostat,18.44,0
153071,2025-04-18 20:00:00,29.0,74.0,0,2.6111112,meteostat,10.90,0
153072,2025-04-18 21:00:00,29.1,73.0,0,1.0,meteostat,0.61,0
153073,2025-04-18 22:00:00,29.0,70.0,0,1.0,meteostat,0.61,0
153074,2025-04-18 23:00:00,30.0,66.0,0,1.5,meteostat,2.07,0
153075,2025-04-19 00:00:00,31.5,64.0,0,3.0,meteostat,16.54,0
153076,2025-04-19 01:00:00,32.0,67.0,0,4.111111,meteostat,42.56,0
153077,2025-04-19 02:00:00,33.0,63.0,0,4.111111,meteostat,42.56,0
153078,2025-04-19 03:00:00,34.2,57.0,0,5.0,meteostat,76.56,0
153079,2025-04-19 04:00:00,35.0,50.0,0,5.111111,meteostat,81.78,0
153080,2025-04-19 05:00:00,35.0,47.0,0,5.6944447,meteostat,113.10,0
153081,2025-04-19 06:00:00,35.0,42.0,0,6.0,meteostat,132.30,0
153082,2025-04-19 07:00:00,36.0,39.0,0,5.6944447,meteostat,113.10,0
153083,2025-04-19 08:00:00,35.0,39.0,0,5.6944447,meteostat,113.10,0
153084,2025-04-19 09:00:00,34.0,45.0,0,6.0,meteostat,132.30,0
153085,2025-04-19 10:00:00,33.0,46.0,0,4.611111,meteostat,60.05,0
153086,2025-04-19 11:00:00,32.0,56.0,0,2.6111112,meteostat,10.90,0
153087,2025-04-19 12:00:00,31.0,62.0,0,3.0,meteostat,16.54,0
153088,2025-04-19 13:00:00,30.0,66.0,0,3.6111112,meteostat,28.84,0
153089,2025-04-19 14:00:00,30.0,66.0,0,3.1111112,meteostat,18.44,0
153090,2025-04-19 15:00:00,29.5,66.0,0,3.0,meteostat,16.54,0
153091,2025-04-19 16:00:00,29.0,62.0,0,3.1111112,meteostat,18.44,0
153092,2025-04-19 17:00:00,29.0,62.0,0,2.6111112,meteostat,10.90,0
153093,2025-04-19 18:00:00,28.6,63.0,0,2.0,meteostat,4.90,0
153094,2025-04-19 19:00:00,29.0,58.0,0,2.6111112,meteostat,10.90,0
153095,2025-04-19 20:00:00,27.0,70.0,0,2.1111112,meteostat,5.76,0
153096,2025-04-19 21:00:00,26.7,68.0,0,3.0,meteostat,16.54,0
153097,2025-04-19 22:00:00,28.0,62.0,0,2.1111112,meteostat,5.76,0
153098,2025-04-19 23:00:00,30.0,52.0,0,1.5,meteostat,2.07,0
153099,2025-04-20 00:00:00,31.3,46.0,0,2.0,meteostat,4.90,0
153100,2025-04-20 01:00:00,33.0,44.0,0,2.6111112,meteostat,10.90,0
153101,2025-04-20 02:00:00,33.0,52.0,0,3.1111112,meteostat,18.44,0
153102,2025-04-20 03:00:00,34.3,53.0,0,4.0,meteostat,39.20,0
153103,2025-04-20 04:00:00,34.0,53.0,0,4.111111,meteostat,42.56,0
153104,2025-04-20 05:00:00,35.0,53.0,0,4.111111,meteostat,42.56,0
153105,2025-04-20 06:00:00,35.3,50.0,0,5.0,meteostat,76.56,0
153106,2025-04-20 07:00:00,34.0,56.0,0,4.111111,meteostat,42.56,0
153107,2025-04-20 08:00:00,35.0,56.0,0,3.6111112,meteostat,28.84,0
153108,2025-04-20 09:00:00,34.0,56.0,0,3.6111112,meteostat,28.84,0
153109,2025-04-20 10:00:00,33.0,63.0,0,3.6111112,meteostat,28.84,0
153110,2025-04-20 11:00:00,32.0,67.0,0,3.1111112,meteostat,18.44,0
153111,2025-04-20 12:00:00,30.9,70.0,0,4.0,meteostat,39.20,0
153112,2025-04-20 13:00:00,31.0,66.0,0,5.6944447,meteostat,113.10,0
153113,2025-04-20 14:00:00,30.0,75.0,0,3.6111112,meteostat,28.84,0
153114,2025-04-20 15:00:00,29.9,72.0,0,4.0,meteostat,39.20,0
153115,2025-04-20 16:00:00,30.0,75.0,0,4.611111,meteostat,60.05,0
153116,2025-04-20 17:00:00,30.0,70.0,0,3.6111112,meteostat,28.84,0
153117,2025-04-20 18:00:00,29.4,71.0,0,2.0,meteostat,4.90,0
153118,2025-04-20 19:00:00,29.0,70.0,0,2.1111112,meteostat,5.76,0
153119,2025-04-20 20:00:00,29.0,70.0,0,1.5,meteostat,2.07,0
153120,2025-04-20 21:00:00,29.0,70.0,0,2.0,meteostat,4.90,0
153121,2025-04-20 22:00:00,28.0,74.0,0,1.5,meteostat,2.07,0
153122,2025-04-20 23:00:00,31.0,62.0,0,1.5,meteostat,2.07,0
153123,2025-04-21 00:00:00,31.4,62.0,0,3.0,meteostat,16.54,0
153124,2025-04-21 01:00:00,32.0,63.0,0,3.1111112,meteostat,18.44,0
153125,2025-04-21 02:00:00,31.0,66.0,0,5.111111,meteostat,81.78,0
153126,2025-04-21 03:00:00,34.1,58.0,0,4.0,meteostat,39.20,0
153127,2025-04-21 04:00:00,34.0,56.0,0,3.6111112,meteostat,28.84,0
153128,2025-04-21 05:00:00,35.0,53.0,0,4.111111,meteostat,42.56,0
153129,2025-04-21 06:00:00,35.6,48.0,0,5.0,meteostat,76.56,0
153130,2025-04-21 07:00:00,35.0,44.0,0,5.6944447,meteostat,113.10,0
153131,2025-04-21 08:00:00,35.0,47.0,0,5.6944447,meteostat,113.10,0
153132,2025-04-21 09:00:00,33.8,50.0,0,5.0,meteostat,76.56,0
153133,2025-04-21 10:00:00,33.0,56.0,0,3.6111112,meteostat,28.84,0
153134,2025-04-21 11:00:00,32.0,59.0,0,3.6111112,meteostat,28.84,0
153135,2025-04-21 12:00:00,31.0,67.0,0,4.0,meteostat,39.20,0
153136,2025-04-21 13:00:00,31.0,62.0,0,3.1111112,meteostat,18.44,0
153137,2025-04-21 14:00:00,31.0,62.0,0,3.6111112,meteostat,28.84,0
153138,2025-04-21 15:00:00,29.8,69.0,0,3.0,meteostat,16.54,0
153139,2025-04-21 16:00:00,29.0,74.0,0,3.6111112,meteostat,28.84,0
153140,2025-04-21 17:00:00,29.0,74.0,0,3.1111112,meteostat,18.44,0
153141,2025-04-21 18:00:00,28.8,71.0,0,2.0,meteostat,4.90,0
153142,2025-04-21 19:00:00,29.0,70.0,0,2.1111112,meteostat,5.76,0
153143,2025-04-21 20:00:00,28.0,74.0,0,1.5,meteostat,2.07,0
153144,2025-04-21 21:00:00,28.3,74.0,0,3.0,meteostat,16.54,0
153145,2025-04-21 22:00:00,28.0,74.0,0,1.0,meteostat,0.61,0
153146,2025-04-21 23:00:00,29.0,70.0,0,2.1111112,meteostat,5.76,0
153147,2025-04-22 00:00:00,31.0,59.0,0,2.0,meteostat,4.90,0
153148,2025-04-22 01:00:00,32.0,56.0,0,2.6111112,meteostat,10.90,0
153149,2025-04-22 02:00:00,34.0,44.0,0,2.6111112,meteostat,10.90,0
153150,2025-04-22 03:00:00,34.9,44.0,0,2.0,meteostat,4.90,0
153151,2025-04-22 04:00:00,35.0,47.0,0,3.6111112,meteostat,28.84,0
153152,2025-04-22 05:00:00,36.0,42.0,0,3.1111112,meteostat,18.44,0
153153,2025-04-22 06:00:00,36.2,43.0,0,4.0,meteostat,39.20,0
153154,2025-04-22 07:00:00,36.0,44.0,0,3.6111112,meteostat,28.84,0
153155,2025-04-22 08:00:00,36.0,44.0,0,4.111111,meteostat,42.56,0
153156,2025-04-22 09:00:00,35.4,48.0,0,2.0,meteostat,4.90,0
153157,2025-04-22 10:00:00,34.0,50.0,0,2.1111112,meteostat,5.76,0
153158,2025-04-22 11:00:00,33.0,59.0,0,2.6111112,meteostat,10.90,0
153159,2025-04-22 12:00:00,32.0,63.0,0,2.0,meteostat,4.90,0
153160,2025-04-22 13:00:00,32.0,63.0,0,1.5,meteostat,2.07,0
153161,2025-04-22 14:00:00,31.0,66.0,0,2.1111112,meteostat,5.76,0
153162,2025-04-22 15:00:00,30.4,72.0,0,3.0,meteostat,16.54,0
153163,2025-04-22 16:00:00,30.0,75.0,0,2.1111112,meteostat,5.76,0
153164,2025-04-22 17:00:00,30.0,79.0,0,1.5,meteostat,2.07,0
153165,2025-04-22 18:00:00,29.5,80.0,0,1.0,meteostat,0.61,0
153166,2025-04-22 19:00:00,29.0,84.0,0,1.5,meteostat,2.07,0
153167,2025-04-22 20:00:00,29.0,84.0,0,1.5,meteostat,2.07,0
153168,2025-04-22 21:00:00,28.4,86.0,0,1.0,meteostat,0.61,0
153169,2025-04-22 22:00:00,28.0,89.0,0,2.1111112,meteostat,5.76,0
153170,2025-04-22 23:00:00,30.0,79.0,0,1.5,meteostat,2.07,0
153171,2025-04-23 00:00:00,31.1,74.0,0,2.0,meteostat,4.90,0
153172,2025-04-23 01:00:00,32.0,67.0,0,1.5,meteostat,2.07,0
153173,2025-04-23 02:00:00,33.0,59.0,0,1.5,meteostat,2.07,0
153174,2025-04-23 03:00:00,32.4,62.0,0,4.0,meteostat,39.20,0
153175,2025-04-23 04:00:00,35.0,56.0,0,4.111111,meteostat,42.56,0
153176,2025-04-23 05:00:00,35.0,53.0,0,5.111111,meteostat,81.78,0
153177,2025-04-23 06:00:00,35.6,53.0,0,4.0,meteostat,39.20,0
153178,2025-04-23 07:00:00,36.0,53.0,0,4.111111,meteostat,42.56,0
153179,2025-04-23 08:00:00,35.0,56.0,0,5.111111,meteostat,81.78,0
153180,2025-04-23 09:00:00,32.7,69.0,0,6.0,meteostat,132.30,0
153181,2025-04-23 10:00:00,32.0,71.0,0,5.111111,meteostat,81.78,0
153182,2025-04-23 11:00:00,31.0,75.0,0,3.6111112,meteostat,28.84,0
153183,2025-04-23 12:00:00,30.9,74.0,0,2.0,meteostat,4.90,0
153184,2025-04-23 13:00:00,31.0,70.0,0,3.1111112,meteostat,18.44,0
153185,2025-04-23 14:00:00,31.0,75.0,0,2.1111112,meteostat,5.76,0
153186,2025-04-23 15:00:00,30.3,78.0,0,2.0,meteostat,4.90,0
153187,2025-04-23 16:00:00,30.0,75.0,0,2.6111112,meteostat,10.90,0
153188,2025-04-23 17:00:00,30.0,75.0,0,2.6111112,meteostat,10.90,0
153189,2025-04-23 18:00:00,29.6,76.0,0,1.0,meteostat,0.61,0
153190,2025-04-23 19:00:00,30.0,75.0,0,1.5,meteostat,2.07,0
153191,2025-04-23 20:00:00,29.0,79.0,0,2.1111112,meteostat,5.76,0
153192,2025-04-23 21:00:00,29.1,76.0,0,2.0,meteostat,4.90,0
153193,2025-04-23 22:00:00,29.0,74.0,0,1.5,meteostat,2.07,0
153194,2025-04-23 23:00:00,30.0,70.0,0,1.0,meteostat,0.61,0
153195,2025-04-24 00:00:00,30.7,69.0,0,2.0,meteostat,4.90,0
153196,2025-04-24 01:00:00,31.0,70.0,0,1.0,meteostat,0.61,0
153197,2025-04-24 02:00:00,33.0,59.0,0,1.5,meteostat,2.07,0
153198,2025-04-24 03:00:00,34.2,47.0,0,3.0,meteostat,16.54,0
153199,2025-04-24 04:00:00,36.0,44.0,0,2.6111112,meteostat,10.90,0
153200,2025-04-24 05:00:00,36.0,39.0,0,3.6111112,meteostat,28.84,0
153201,2025-04-24 06:00:00,36.2,40.0,0,3.0,meteostat,16.54,0
153202,2025-04-24 07:00:00,36.0,39.0,0,4.111111,meteostat,42.56,0
153203,2025-04-24 08:00:00,35.0,44.0,0,4.111111,meteostat,42.56,0
153204,2025-04-24 09:00:00,33.7,54.0,0,3.0,meteostat,16.54,0
153205,2025-04-24 10:00:00,33.0,56.0,0,4.111111,meteostat,42.56,0
153206,2025-04-24 11:00:00,32.0,59.0,0,3.1111112,meteostat,18.44,0
153207,2025-04-24 12:00:00,31.3,64.0,0,3.0,meteostat,16.54,0
153208,2025-04-24 13:00:00,31.0,62.0,0,2.1111112,meteostat,5.76,0
153209,2025-04-24 14:00:00,30.0,70.0,0,3.1111112,meteostat,18.44,0
153210,2025-04-24 15:00:00,29.9,71.0,0,4.0,meteostat,39.20,0
153211,2025-04-24 16:00:00,30.0,70.0,0,1.5,meteostat,2.07,0
153212,2025-04-24 17:00:00,29.0,74.0,0,2.1111112,meteostat,5.76,0
153213,2025-04-24 18:00:00,28.2,74.0,0,2.0,meteostat,4.90,0
153214,2025-04-24 19:00:00,28.0,74.0,0,1.0,meteostat,0.61,0
153215,2025-04-24 20:00:00,28.0,74.0,0,1.0,meteostat,0.61,0
153216,2025-04-24 21:00:00,28.2,75.0,0,1.0,meteostat,0.61,0
153217,2025-04-24 22:00:00,29.0,58.0,0,2.6111112,meteostat,10.90,0
153218,2025-04-24 23:00:00,31.0,52.0,0,1.5,meteostat,2.07,0
153219,2025-04-25 00:00:00,31.3,55.0,0,2.0,meteostat,4.90,0
153220,2025-04-25 01:00:00,33.0,46.0,0,2.6111112,meteostat,10.90,0
153221,2025-04-25 02:00:00,33.0,49.0,0,2.6111112,meteostat,10.90,0
153222,2025-04-25 03:00:00,34.7,44.0,0,3.0,meteostat,16.54,0
153223,2025-04-25 04:00:00,35.0,47.0,0,3.1111112,meteostat,18.44,0
153224,2025-04-25 05:00:00,36.0,44.0,0,3.6111112,meteostat,28.84,0
153225,2025-04-25 06:00:00,36.9,42.0,0,4.0,meteostat,39.20,0
153226,2025-04-25 07:00:00,36.0,44.0,0,3.1111112,meteostat,18.44,0
153227,2025-04-25 08:00:00,36.0,44.0,0,3.6111112,meteostat,28.84,0
153228,2025-04-25 09:00:00,35.2,47.0,0,4.0,meteostat,39.20,0
153229,2025-04-25 10:00:00,34.0,53.0,0,3.6111112,meteostat,28.84,0
153230,2025-04-25 11:00:00,32.0,67.0,0,3.6111112,meteostat,28.84,0
153231,2025-04-25 12:00:00,31.1,70.0,0,4.0,meteostat,39.20,0
153232,2025-04-25 13:00:00,31.0,70.0,0,1.5,meteostat,2.07,0
153233,2025-04-25 14:00:00,30.0,70.0,0,2.6111112,meteostat,10.90,0
153234,2025-04-25 15:00:00,30.0,65.0,0,3.0,meteostat,16.54,0
153235,2025-04-25 16:00:00,30.0,59.0,0,2.1111112,meteostat,5.76,0
153236,2025-04-25 17:00:00,30.0,66.0,0,2.6111112,meteostat,10.90,0
153237,2025-04-25 18:00:00,29.0,70.0,0,2.0,meteostat,4.90,0
153238,2025-04-25 19:00:00,29.0,74.0,0,3.6111112,meteostat,28.84,0
153239,2025-04-25 20:00:00,29.0,74.0,0,2.6111112,meteostat,10.90,0
153240,2025-04-25 21:00:00,28.5,74.0,0,3.0,meteostat,16.54,0
153241,2025-04-25 22:00:00,27.0,74.0,0,2.6111112,meteostat,10.90,0
153242,2025-04-25 23:00:00,30.0,66.0,0,1.0,meteostat,0.61,0
153243,2025-04-26 00:00:00,31.0,62.0,0,2.0,meteostat,4.90,0
153244,2025-04-26 01:00:00,32.0,59.0,0,3.6111112,meteostat,28.84,0
153245,2025-04-26 02:00:00,34.0,53.0,0,3.1111112,meteostat,18.44,0
153246,2025-04-26 03:00:00,34.7,49.0,0,4.0,meteostat,39.20,0
153247,2025-04-26 04:00:00,36.0,39.0,0,6.1944447,meteostat,145.58,0
153248,2025-04-26 05:00:00,36.0,44.0,0,5.6944447,meteostat,113.10,0
153249,2025-04-26 06:00:00,36.9,36.0,0,6.0,meteostat,132.30,0
153250,2025-04-26 07:00:00,36.0,39.0,0,5.6944447,meteostat,113.10,0
153251,2025-04-26 08:00:00,35.0,39.0,0,6.1944447,meteostat,145.58,0
153252,2025-04-26 09:00:00,34.4,42.0,0,5.0,meteostat,76.56,0
153253,2025-04-26 10:00:00,33.0,41.0,0,4.611111,meteostat,60.05,0
153254,2025-04-26 11:00:00,32.0,49.0,0,4.111111,meteostat,42.56,0
153255,2025-04-26 12:00:00,30.5,59.0,0,4.0,meteostat,39.20,0
153256,2025-04-26 13:00:00,30.0,62.0,0,4.611111,meteostat,60.05,0
153257,2025-04-26 14:00:00,30.0,62.0,0,4.111111,meteostat,42.56,0
153258,2025-04-26 15:00:00,29.1,64.0,0,4.0,meteostat,39.20,0
153259,2025-04-26 16:00:00,29.0,66.0,0,3.1111112,meteostat,18.44,0
153260,2025-04-26 17:00:00,29.0,66.0,0,3.1111112,meteostat,18.44,0
153261,2025-04-26 18:00:00,28.1,72.0,0,3.0,meteostat,16.54,0
153262,2025-04-26 19:00:00,27.0,70.0,0,3.1111112,meteostat,18.44,0
153263,2025-04-26 20:00:00,28.0,62.0,0,1.5,meteostat,2.07,0
153264,2025-04-26 21:00:00,28.3,60.0,0,2.0,meteostat,4.90,0
153265,2025-04-26 22:00:00,28.0,62.0,0,2.6111112,meteostat,10.90,0
153266,2025-04-26 23:00:00,30.0,59.0,0,3.1111112,meteostat,18.44,0
153267,2025-04-27 00:00:00,30.9,56.0,0,4.0,meteostat,39.20,0
153268,2025-04-27 01:00:00,32.0,52.0,0,3.1111112,meteostat,18.44,0
153269,2025-04-27 02:00:00,34.0,47.0,0,3.6111112,meteostat,28.84,0
153270,2025-04-27 03:00:00,34.5,46.0,0,2.0,meteostat,4.90,0
153271,2025-04-27 04:00:00,35.0,47.0,0,3.6111112,meteostat,28.84,0
153272,2025-04-27 05:00:00,36.0,44.0,0,4.111111,meteostat,42.56,0
153273,2025-04-27 06:00:00,35.5,44.0,0,6.0,meteostat,132.30,0
153274,2025-04-27 07:00:00,35.0,47.0,0,5.111111,meteostat,81.78,0
153275,2025-04-27 08:00:00,35.0,47.0,0,4.611111,meteostat,60.05,0
153276,2025-04-27 09:00:00,34.3,45.0,0,4.0,meteostat,39.20,0
153277,2025-04-27 10:00:00,33.0,49.0,0,4.111111,meteostat,42.56,0
153278,2025-04-27 11:00:00,32.0,52.0,0,3.6111112,meteostat,28.84,0
153279,2025-04-27 12:00:00,30.4,55.0,0,4.0,meteostat,39.20,0
153280,2025-04-27 13:00:00,30.0,52.0,0,3.1111112,meteostat,18.44,0
153281,2025-04-27 14:00:00,30.0,59.0,0,3.1111112,meteostat,18.44,0
153282,2025-04-27 15:00:00,29.2,60.0,0,2.0,meteostat,4.90,0
153283,2025-04-27 16:00:00,29.0,66.0,0,2.6111112,meteostat,10.90,0
153284,2025-04-27 17:00:00,28.0,66.0,0,2.6111112,meteostat,10.90,0
153285,2025-04-27 18:00:00,28.3,62.0,0,1.0,meteostat,0.61,0
153286,2025-04-27 19:00:00,29.0,58.0,0,1.5,meteostat,2.07,0
153287,2025-04-27 20:00:00,28.0,66.0,0,2.1111112,meteostat,5.76,0
153288,2025-04-27 21:00:00,28.3,64.0,0,3.0,meteostat,16.54,0
153289,2025-04-27 22:00:00,28.0,66.0,0,3.1111112,meteostat,18.44,0
153290,2025-04-27 23:00:00,29.0,74.0,0,1.5,meteostat,2.07,0
153291,2025-04-28 00:00:00,31.7,56.0,0,2.0,meteostat,4.90,0
153292,2025-04-28 01:00:00,32.0,56.0,0,3.1111112,meteostat,18.44,0
153293,2025-04-28 02:00:00,32.0,63.0,0,3.6111112,meteostat,28.84,0
153294,2025-04-28 03:00:00,33.9,58.0,0,3.0,meteostat,16.54,0
153295,2025-04-28 04:00:00,35.0,53.0,0,4.611111,meteostat,60.05,0
153296,2025-04-28 05:00:00,36.0,50.0,0,4.111111,meteostat,42.56,0
153297,2025-04-28 06:00:00,35.1,52.0,0,4.0,meteostat,39.20,0
153298,2025-04-28 07:00:00,36.0,47.0,0,3.6111112,meteostat,28.84,0
153299,2025-04-28 08:00:00,34.0,53.0,0,5.111111,meteostat,81.78,0
153300,2025-04-28 09:00:00,32.6,62.0,0,2.0,meteostat,4.90,0
153301,2025-04-28 10:00:00,33.0,56.0,0,2.1111112,meteostat,5.76,0
153302,2025-04-28 11:00:00,31.0,70.0,0,2.6111112,meteostat,10.90,0
153303,2025-04-28 12:00:00,31.0,70.0,0,2.0,meteostat,4.90,0
153304,2025-04-28 13:00:00,31.0,70.0,0,2.6111112,meteostat,10.90,0
153305,2025-04-28 14:00:00,30.0,70.0,0,2.6111112,meteostat,10.90,0
153306,2025-04-28 15:00:00,29.9,74.0,0,3.0,meteostat,16.54,0
153307,2025-04-28 16:00:00,29.0,74.0,0,2.1111112,meteostat,5.76,0
153308,2025-04-28 17:00:00,30.0,70.0,0,1.5,meteostat,2.07,0
153309,2025-04-28 18:00:00,29.8,71.0,0,2.0,meteostat,4.90,0
153310,2025-04-28 19:00:00,29.0,70.0,0,2.1111112,meteostat,5.76,0
153311,2025-04-28 20:00:00,29.0,74.0,0,2.1111112,meteostat,5.76,0
153312,2025-04-28 21:00:00,28.8,70.0,0,2.0,meteostat,4.90,0
153313,2025-04-28 22:00:00,28.0,74.0,0,1.6666666,meteostat,2.84,0
153314,2025-04-28 23:00:00,31.0,62.0,0,2.1111112,meteostat,5.76,0
153315,2025-04-29 00:00:00,31.5,61.0,0,2.0,meteostat,4.90,0
153316,2025-04-29 01:00:00,33.0,56.0,0,2.6111112,meteostat,10.90,0
153317,2025-04-29 02:00:00,34.0,56.0,0,3.1111112,meteostat,18.44,0
153318,2025-04-29 03:00:00,34.5,54.0,0,4.0,meteostat,39.20,0
153319,2025-04-29 04:00:00,35.0,53.0,0,4.111111,meteostat,42.56,0
153320,2025-04-29 05:00:00,35.0,53.0,0,5.111111,meteostat,81.78,0
153321,2025-04-29 06:00:00,35.6,50.0,0,5.0,meteostat,76.56,0
153322,2025-04-29 07:00:00,35.0,53.0,0,5.6944447,meteostat,113.10,0
153323,2025-04-29 08:00:00,34.0,53.0,0,4.611111,meteostat,60.05,0
153324,2025-04-29 09:00:00,33.5,56.0,0,5.0,meteostat,76.56,0
153325,2025-04-29 10:00:00,32.0,63.0,0,4.611111,meteostat,60.05,0
153326,2025-04-29 11:00:00,32.0,63.0,0,3.1111112,meteostat,18.44,0
153327,2025-04-29 12:00:00,31.0,64.0,0,4.0,meteostat,39.20,0
153328,2025-04-29 13:00:00,30.0,70.0,0,4.111111,meteostat,42.56,0
153329,2025-04-29 14:00:00,30.0,70.0,0,4.611111,meteostat,60.05,0
153330,2025-04-29 15:00:00,30.0,69.0,0,4.0,meteostat,39.20,0
153331,2025-04-29 16:00:00,30.0,66.0,0,2.6111112,meteostat,10.90,0
153332,2025-04-29 17:00:00,30.0,70.0,0,3.1111112,meteostat,18.44,0
153333,2025-04-29 18:00:00,29.3,71.0,0,3.0,meteostat,16.54,0
153334,2025-04-29 19:00:00,29.0,70.0,0,2.1111112,meteostat,5.76,0
153335,2025-04-29 20:00:00,29.0,66.0,0,1.5,meteostat,2.07,0
153336,2025-04-29 21:00:00,28.3,70.0,0,1.0,meteostat,0.61,0
153337,2025-04-29 22:00:00,29.0,66.0,0,0.5,meteostat,0.08,0
153338,2025-04-29 23:00:00,30.0,66.0,0,1.0,meteostat,0.61,0
153339,2025-04-30 00:00:00,31.6,59.0,0,2.0,meteostat,4.90,0
153340,2025-04-30 01:00:00,32.0,59.0,0,3.1111112,meteostat,18.44,0
153341,2025-04-30 02:00:00,33.0,56.0,0,3.1111112,meteostat,18.44,0
153342,2025-04-30 03:00:00,34.5,53.0,0,4.0,meteostat,39.20,0
153343,2025-04-30 04:00:00,35.0,53.0,0,4.111111,meteostat,42.56,0
153344,2025-04-30 05:00:00,36.0,50.0,0,4.611111,meteostat,60.05,0
153345,2025-04-30 06:00:00,35.4,52.0,0,5.0,meteostat,76.56,0
153346,2025-04-30 07:00:00,35.0,53.0,0,6.1944447,meteostat,145.58,0
153347,2025-04-30 08:00:00,35.0,53.0,0,4.611111,meteostat,60.05,0
153348,2025-04-30 09:00:00,33.8,57.0,0,5.0,meteostat,76.56,0
153349,2025-04-30 10:00:00,32.0,63.0,0,5.111111,meteostat,81.78,0
153350,2025-04-30 11:00:00,31.0,66.0,0,4.611111,meteostat,60.05,0
153351,2025-04-30 12:00:00,30.9,67.0,0,4.0,meteostat,39.20,0
153352,2025-04-30 13:00:00,31.0,66.0,0,4.111111,meteostat,42.56,0
153353,2025-04-30 14:00:00,29.6,72.0,0,3.6111112,meteostat,28.84,0
153354,2025-04-30 15:00:00,29.9,71.0,0,4.0,meteostat,39.20,0
153355,2025-04-30 16:00:00,30.0,66.0,0,4.611111,meteostat,60.05,0
153356,2025-04-30 17:00:00,29.0,74.0,0,3.1111112,meteostat,18.44,0
153357,2025-04-30 18:00:00,29.3,68.0,0,3.0,meteostat,16.54,0
153358,2025-04-30 19:00:00,29.0,70.0,0,2.1111112,meteostat,5.76,0
153359,2025-04-30 20:00:00,29.0,70.0,0,1.0,meteostat,0.61,0
153360,2025-04-30 21:00:00,28.8,68.0,0,2.0,meteostat,4.90,0
153361,2025-04-30 22:00:00,29.0,66.0,0,1.5,meteostat,2.07,0
153362,2025-04-30 23:00:00,31.0,59.0,0,1.5,meteostat,2.07,0
