id,timestamp,temperature,humidity,irradiance,wind_speed,source,wind_power_density,solar_energy_yield
18937,2026-01-01 00:00:00,28.0,75.0,0.0,3.0,nasa_power,16.54,0.0
18938,2026-01-01 01:00:00,28.0,75.0,0.0,3.0,nasa_power,16.54,0.0
18939,2026-01-01 02:00:00,28.0,75.0,0.0,3.0,nasa_power,16.54,0.0
18940,2026-01-01 03:00:00,28.0,75.0,0.0,3.0,nasa_power,16.54,0.0
18941,2026-01-01 04:00:00,28.0,75.0,0.0,3.0,nasa_power,16.54,0.0
18942,2026-01-01 05:00:00,28.0,75.0,0.0,3.0,nasa_power,16.54,0.0
18943,2026-01-01 06:00:00,28.0,75.0,0.0,3.0,nasa_power,16.54,0.0
18944,2026-01-01 07:00:00,28.0,75.0,0.0,3.0,nasa_power,16.54,0.0
18945,2026-01-01 08:00:00,28.0,75.0,0.0,3.0,nasa_power,16.54,0.0
18946,2026-01-01 09:00:00,28.0,75.0,0.0,3.0,nasa_power,16.54,0.0
18947,2026-01-01 10:00:00,28.0,75.0,0.0,3.0,nasa_power,16.54,0.0
18948,2026-01-01 11:00:00,28.0,75.0,0.0,3.0,nasa_power,16.54,0.0
18949,2026-01-01 12:00:00,28.0,75.0,0.0,3.0,nasa_power,16.54,0.0
18950,2026-01-01 13:00:00,28.0,75.0,0.0,3.0,nasa_power,16.54,0.0
18951,2026-01-01 14:00:00,28.0,75.0,0.0,3.0,nasa_power,16.54,0.0
18952,2026-01-01 15:00:00,28.0,75.0,0.0,3.0,nasa_power,16.54,0.0
18953,2026-01-01 16:00:00,28.0,75.0,0.0,3.0,nasa_power,16.54,0.0
18954,2026-01-01 17:00:00,28.0,75.0,0.0,3.0,nasa_power,16.54,0.0
18955,2026-01-01 18:00:00,28.0,75.0,0.0,3.0,nasa_power,16.54,0.0
18956,2026-01-01 19:00:00,28.0,75.0,0.0,3.0,nasa_power,16.54,0.0
18957,2026-01-01 20:00:00,28.0,75.0,0.0,3.0,nasa_power,16.54,0.0
18958,2026-01-01 21:00:00,28.0,75.0,0.0,3.0,nasa_power,16.54,0.0
18959,2026-01-01 22:00:00,28.0,75.0,0.0,3.0,nasa_power,16.54,0.0
18960,2026-01-01 23:00:00,28.0,75.0,0.0,3.0,nasa_power,16.54,0.0
18961,2026-01-02 00:00:00,28.0,75.0,0.0,3.0,nasa_power,16.54,0.0
18962,2026-01-02 01:00:00,28.0,75.0,0.0,3.0,nasa_power,16.54,0.0
18963,2026-01-02 02:00:00,28.0,75.0,0.0,3.0,nasa_power,16.54,0.0
18964,2026-01-02 03:00:00,28.0,75.0,0.0,3.0,nasa_power,16.54,0.0
18965,2026-01-02 04:00:00,28.0,75.0,0.0,3.0,nasa_power,16.54,0.0
18966,2026-01-02 05:00:00,28.0,75.0,0.0,3.0,nasa_power,16.54,0.0
18967,2026-01-02 06:00:00,28.0,75.0,0.0,3.0,nasa_power,16.54,0.0
18968,2026-01-02 07:00:00,28.0,75.0,0.0,3.0,nasa_power,16.54,0.0
18969,2026-01-02 08:00:00,28.0,75.0,0.0,3.0,nasa_power,16.54,0.0
18970,2026-01-02 09:00:00,28.0,75.0,0.0,3.0,nasa_power,16.54,0.0
18971,2026-01-02 10:00:00,28.0,75.0,0.0,3.0,nasa_power,16.54,0.0
18972,2026-01-02 11:00:00,28.0,75.0,0.0,3.0,nasa_power,16.54,0.0
18973,2026-01-02 12:00:00,28.0,75.0,0.0,3.0,nasa_power,16.54,0.0
18974,2026-01-02 13:00:00,28.0,75.0,0.0,3.0,nasa_power,16.54,0.0
18975,2026-01-02 14:00:00,28.0,75.0,0.0,3.0,nasa_power,16.54,0.0
18976,2026-01-02 15:00:00,28.0,75.0,0.0,3.0,nasa_power,16.54,0.0
18977,2026-01-02 16:00:00,28.0,75.0,0.0,3.0,nasa_power,16.54,0.0
18978,2026-01-02 17:00:00,28.0,75.0,0.0,3.0,nasa_power,16.54,0.0
18979,2026-01-02 18:00:00,28.0,75.0,0.0,3.0,nasa_power,16.54,0.0
18980,2026-01-02 19:00:00,28.0,75.0,0.0,3.0,nasa_power,16.54,0.0
18981,2026-01-02 20:00:00,28.0,75.0,0.0,3.0,nasa_power,16.54,0.0
18982,2026-01-02 21:00:00,28.0,75.0,0.0,3.0,nasa_power,16.54,0.0
18983,2026-01-02 22:00:00,28.0,75.0,0.0,3.0,nasa_power,16.54,0.0
18984,2026-01-02 23:00:00,28.0,75.0,0.0,3.0,nasa_power,16.54,0.0
18985,2026-01-03 00:00:00,28.0,75.0,0.0,3.0,nasa_power,16.54,0.0
18986,2026-01-03 01:00:00,28.0,75.0,0.0,3.0,nasa_power,16.54,0.0
18987,2026-01-03 02:00:00,28.0,75.0,0.0,3.0,nasa_power,16.54,0.0
18988,2026-01-03 03:00:00,28.0,75.0,0.0,3.0,nasa_power,16.54,0.0
18989,2026-01-03 04:00:00,28.0,75.0,0.0,3.0,nasa_power,16.54,0.0
18990,2026-01-03 05:00:00,28.0,75.0,0.0,3.0,nasa_power,16.54,0.0
18991,2026-01-03 06:00:00,28.0,75.0,0.0,3.0,nasa_power,16.54,0.0
18992,2026-01-03 07:00:00,28.0,75.0,0.0,3.0,nasa_power,16.54,0.0
18993,2026-01-03 08:00:00,28.0,75.0,0.0,3.0,nasa_power,16.54,0.0
18994,2026-01-03 09:00:00,28.0,75.0,0.0,3.0,nasa_power,16.54,0.0
18995,2026-01-03 10:00:00,28.0,75.0,0.0,3.0,nasa_power,16.54,0.0
18996,2026-01-03 11:00:00,28.0,75.0,0.0,3.0,nasa_power,16.54,0.0
18997,2026-01-03 12:00:00,28.0,75.0,0.0,3.0,nasa_power,16.54,0.0
18998,2026-01-03 13:00:00,28.0,75.0,0.0,3.0,nasa_power,16.54,0.0
18999,2026-01-03 14:00:00,28.0,75.0,0.0,3.0,nasa_power,16.54,0.0
19000,2026-01-03 15:00:00,28.0,75.0,0.0,3.0,nasa_power,16.54,0.0
19001,2026-01-03 16:00:00,28.0,75.0,0.0,3.0,nasa_power,16.54,0.0
19002,2026-01-03 17:00:00,28.0,75.0,0.0,3.0,nasa_power,16.54,0.0
19003,2026-01-03 18:00:00,28.0,75.0,0.0,3.0,nasa_power,16.54,0.0
19004,2026-01-03 19:00:00,28.0,75.0,0.0,3.0,nasa_power,16.54,0.0
19005,2026-01-03 20:00:00,28.0,75.0,0.0,3.0,nasa_power,16.54,0.0
19006,2026-01-03 21:00:00,28.0,75.0,0.0,3.0,nasa_power,16.54,0.0
19007,2026-01-03 22:00:00,28.0,75.0,0.0,3.0,nasa_power,16.54,0.0
19008,2026-01-03 23:00:00,28.0,75.0,0.0,3.0,nasa_power,16.54,0.0
19009,2026-01-04 00:00:00,28.0,75.0,0.0,3.0,nasa_power,16.54,0.0
19010,2026-01-04 01:00:00,28.0,75.0,0.0,3.0,nasa_power,16.54,0.0
19011,2026-01-04 02:00:00,28.0,75.0,0.0,3.0,nasa_power,16.54,0.0
19012,2026-01-04 03:00:00,28.0,75.0,0.0,3.0,nasa_power,16.54,0.0
19013,2026-01-04 04:00:00,28.0,75.0,0.0,3.0,nasa_power,16.54,0.0
19014,2026-01-04 05:00:00,28.0,75.0,0.0,3.0,nasa_power,16.54,0.0
19015,2026-01-04 06:00:00,28.0,75.0,0.0,3.0,nasa_power,16.54,0.0
19016,2026-01-04 07:00:00,28.0,75.0,0.0,3.0,nasa_power,16.54,0.0
19017,2026-01-04 08:00:00,28.0,75.0,0.0,3.0,nasa_power,16.54,0.0
19018,2026-01-04 09:00:00,28.0,75.0,0.0,3.0,nasa_power,16.54,0.0
19019,2026-01-04 10:00:00,28.0,75.0,0.0,3.0,nasa_power,16.54,0.0
19020,2026-01-04 11:00:00,28.0,75.0,0.0,3.0,nasa_power,16.54,0.0
19021,2026-01-04 12:00:00,28.0,75.0,0.0,3.0,nasa_power,16.54,0.0
19022,2026-01-04 13:00:00,28.0,75.0,0.0,3.0,nasa_power,16.54,0.0
19023,2026-01-04 14:00:00,28.0,75.0,0.0,3.0,nasa_power,16.54,0.0
19024,2026-01-04 15:00:00,28.0,75.0,0.0,3.0,nasa_power,16.54,0.0
19025,2026-01-04 16:00:00,28.0,75.0,0.0,3.0,nasa_power,16.54,0.0
19026,2026-01-04 17:00:00,28.0,75.0,0.0,3.0,nasa_power,16.54,0.0
19027,2026-01-04 18:00:00,28.0,75.0,0.0,3.0,nasa_power,16.54,0.0
19028,2026-01-04 19:00:00,28.0,75.0,0.0,3.0,nasa_power,16.54,0.0
19029,2026-01-04 20:00:00,28.0,75.0,0.0,3.0,nasa_power,16.54,0.0
19030,2026-01-04 21:00:00,28.0,75.0,0.0,3.0,nasa_power,16.54,0.0
19031,2026-01-04 22:00:00,28.0,75.0,0.0,3.0,nasa_power,16.54,0.0
19032,2026-01-04 23:00:00,28.0,75.0,0.0,3.0,nasa_power,16.54,0.0
19033,2026-01-05 00:00:00,28.0,75.0,0.0,3.0,nasa_power,16.54,0.0
19034,2026-01-05 01:00:00,28.0,75.0,0.0,3.0,nasa_power,16.54,0.0
19035,2026-01-05 02:00:00,28.0,75.0,0.0,3.0,nasa_power,16.54,0.0
19036,2026-01-05 03:00:00,28.0,75.0,0.0,3.0,nasa_power,16.54,0.0
19037,2026-01-05 04:00:00,28.0,75.0,0.0,3.0,nasa_power,16.54,0.0
19038,2026-01-05 05:00:00,28.0,75.0,0.0,3.0,nasa_power,16.54,0.0
19039,2026-01-05 06:00:00,28.0,75.0,0.0,3.0,nasa_power,16.54,0.0
19040,2026-01-05 07:00:00,28.0,75.0,0.0,3.0,nasa_power,16.54,0.0
19041,2026-01-05 08:00:00,28.0,75.0,0.0,3.0,nasa_power,16.54,0.0
19042,2026-01-05 09:00:00,28.0,75.0,0.0,3.0,nasa_power,16.54,0.0
19043,2026-01-05 10:00:00,28.0,75.0,0.0,3.0,nasa_power,16.54,0.0
19044,2026-01-05 11:00:00,28.0,75.0,0.0,3.0,nasa_power,16.54,0.0
19045,2026-01-05 12:00:00,28.0,75.0,0.0,3.0,nasa_power,16.54,0.0
19046,2026-01-05 13:00:00,28.0,75.0,0.0,3.0,nasa_power,16.54,0.0
19047,2026-01-05 14:00:00,28.0,75.0,0.0,3.0,nasa_power,16.54,0.0
19048,2026-01-05 15:00:00,28.0,75.0,0.0,3.0,nasa_power,16.54,0.0
19049,2026-01-05 16:00:00,28.0,75.0,0.0,3.0,nasa_power,16.54,0.0
19050,2026-01-05 17:00:00,28.0,75.0,0.0,3.0,nasa_power,16.54,0.0
19051,2026-01-05 18:00:00,28.0,75.0,0.0,3.0,nasa_power,16.54,0.0
19052,2026-01-05 19:00:00,28.0,75.0,0.0,3.0,nasa_power,16.54,0.0
19053,2026-01-05 20:00:00,28.0,75.0,0.0,3.0,nasa_power,16.54,0.0
19054,2026-01-05 21:00:00,28.0,75.0,0.0,3.0,nasa_power,16.54,0.0
19055,2026-01-05 22:00:00,28.0,75.0,0.0,3.0,nasa_power,16.54,0.0
19056,2026-01-05 23:00:00,28.0,75.0,0.0,3.0,nasa_power,16.54,0.0
19057,2026-01-06 00:00:00,28.0,75.0,0.0,3.0,nasa_power,16.54,0.0
19058,2026-01-06 01:00:00,28.0,75.0,0.0,3.0,nasa_power,16.54,0.0
19059,2026-01-06 02:00:00,28.0,75.0,0.0,3.0,nasa_power,16.54,0.0
19060,2026-01-06 03:00:00,28.0,75.0,0.0,3.0,nasa_power,16.54,0.0
19061,2026-01-06 04:00:00,28.0,75.0,0.0,3.0,nasa_power,16.54,0.0
19062,2026-01-06 05:00:00,28.0,75.0,0.0,3.0,nasa_power,16.54,0.0
19063,2026-01-06 06:00:00,28.0,75.0,0.0,3.0,nasa_power,16.54,0.0
19064,2026-01-06 07:00:00,28.0,75.0,0.0,3.0,nasa_power,16.54,0.0
19065,2026-01-06 08:00:00,28.0,75.0,0.0,3.0,nasa_power,16.54,0.0
19066,2026-01-06 09:00:00,28.0,75.0,0.0,3.0,nasa_power,16.54,0.0
19067,2026-01-06 10:00:00,28.0,75.0,0.0,3.0,nasa_power,16.54,0.0
19068,2026-01-06 11:00:00,28.0,75.0,0.0,3.0,nasa_power,16.54,0.0
19069,2026-01-06 12:00:00,28.0,75.0,0.0,3.0,nasa_power,16.54,0.0
19070,2026-01-06 13:00:00,28.0,75.0,0.0,3.0,nasa_power,16.54,0.0
19071,2026-01-06 14:00:00,28.0,75.0,0.0,3.0,nasa_power,16.54,0.0
19072,2026-01-06 15:00:00,28.0,75.0,0.0,3.0,nasa_power,16.54,0.0
19073,2026-01-06 16:00:00,28.0,75.0,0.0,3.0,nasa_power,16.54,0.0
19074,2026-01-06 17:00:00,28.0,75.0,0.0,3.0,nasa_power,16.54,0.0
19075,2026-01-06 18:00:00,28.0,75.0,0.0,3.0,nasa_power,16.54,0.0
19076,2026-01-06 19:00:00,28.0,75.0,0.0,3.0,nasa_power,16.54,0.0
19077,2026-01-06 20:00:00,28.0,75.0,0.0,3.0,nasa_power,16.54,0.0
19078,2026-01-06 21:00:00,28.0,75.0,0.0,3.0,nasa_power,16.54,0.0
19079,2026-01-06 22:00:00,28.0,75.0,0.0,3.0,nasa_power,16.54,0.0
19080,2026-01-06 23:00:00,28.0,75.0,0.0,3.0,nasa_power,16.54,0.0
19081,2026-01-07 00:00:00,28.0,75.0,0.0,3.0,nasa_power,16.54,0.0
19082,2026-01-07 01:00:00,28.0,75.0,0.0,3.0,nasa_power,16.54,0.0
19083,2026-01-07 02:00:00,28.0,75.0,0.0,3.0,nasa_power,16.54,0.0
19084,2026-01-07 03:00:00,28.0,75.0,0.0,3.0,nasa_power,16.54,0.0
19085,2026-01-07 04:00:00,28.0,75.0,0.0,3.0,nasa_power,16.54,0.0
19086,2026-01-07 05:00:00,28.0,75.0,0.0,3.0,nasa_power,16.54,0.0
19087,2026-01-07 06:00:00,28.0,75.0,0.0,3.0,nasa_power,16.54,0.0
19088,2026-01-07 07:00:00,28.0,75.0,0.0,3.0,nasa_power,16.54,0.0
19089,2026-01-07 08:00:00,28.0,75.0,0.0,3.0,nasa_power,16.54,0.0
19090,2026-01-07 09:00:00,28.0,75.0,0.0,3.0,nasa_power,16.54,0.0
19091,2026-01-07 10:00:00,28.0,75.0,0.0,3.0,nasa_power,16.54,0.0
19092,2026-01-07 11:00:00,28.0,75.0,0.0,3.0,nasa_power,16.54,0.0
19093,2026-01-07 12:00:00,28.0,75.0,0.0,3.0,nasa_power,16.54,0.0
19094,2026-01-07 13:00:00,28.0,75.0,0.0,3.0,nasa_power,16.54,0.0
19095,2026-01-07 14:00:00,28.0,75.0,0.0,3.0,nasa_power,16.54,0.0
19096,2026-01-07 15:00:00,28.0,75.0,0.0,3.0,nasa_power,16.54,0.0
19097,2026-01-07 16:00:00,28.0,75.0,0.0,3.0,nasa_power,16.54,0.0
19098,2026-01-07 17:00:00,28.0,75.0,0.0,3.0,nasa_power,16.54,0.0
19099,2026-01-07 18:00:00,28.0,75.0,0.0,3.0,nasa_power,16.54,0.0
19100,2026-01-07 19:00:00,28.0,75.0,0.0,3.0,nasa_power,16.54,0.0
19101,2026-01-07 20:00:00,28.0,75.0,0.0,3.0,nasa_power,16.54,0.0
19102,2026-01-07 21:00:00,28.0,75.0,0.0,3.0,nasa_power,16.54,0.0
19103,2026-01-07 22:00:00,28.0,75.0,0.0,3.0,nasa_power,16.54,0.0
19104,2026-01-07 23:00:00,28.0,75.0,0.0,3.0,nasa_power,16.54,0.0
19105,2026-01-08 00:00:00,28.0,75.0,0.0,3.0,nasa_power,16.54,0.0
19106,2026-01-08 01:00:00,28.0,75.0,0.0,3.0,nasa_power,16.54,0.0
19107,2026-01-08 02:00:00,28.0,75.0,0.0,3.0,nasa_power,16.54,0.0
19108,2026-01-08 03:00:00,28.0,75.0,0.0,3.0,nasa_power,16.54,0.0
19109,2026-01-08 04:00:00,28.0,75.0,0.0,3.0,nasa_power,16.54,0.0
19110,2026-01-08 05:00:00,28.0,75.0,0.0,3.0,nasa_power,16.54,0.0
19111,2026-01-08 06:00:00,28.0,75.0,0.0,3.0,nasa_power,16.54,0.0
19112,2026-01-08 07:00:00,28.0,75.0,0.0,3.0,nasa_power,16.54,0.0
19113,2026-01-08 08:00:00,28.0,75.0,0.0,3.0,nasa_power,16.54,0.0
19114,2026-01-08 09:00:00,28.0,75.0,0.0,3.0,nasa_power,16.54,0.0
19115,2026-01-08 10:00:00,28.0,75.0,0.0,3.0,nasa_power,16.54,0.0
19116,2026-01-08 11:00:00,28.0,75.0,0.0,3.0,nasa_power,16.54,0.0
19117,2026-01-08 12:00:00,28.0,75.0,0.0,3.0,nasa_power,16.54,0.0
19118,2026-01-08 13:00:00,28.0,75.0,0.0,3.0,nasa_power,16.54,0.0
19119,2026-01-08 14:00:00,28.0,75.0,0.0,3.0,nasa_power,16.54,0.0
19120,2026-01-08 15:00:00,28.0,75.0,0.0,3.0,nasa_power,16.54,0.0
19121,2026-01-08 16:00:00,28.0,75.0,0.0,3.0,nasa_power,16.54,0.0
19122,2026-01-08 17:00:00,28.0,75.0,0.0,3.0,nasa_power,16.54,0.0
19123,2026-01-08 18:00:00,28.0,75.0,0.0,3.0,nasa_power,16.54,0.0
19124,2026-01-08 19:00:00,28.0,75.0,0.0,3.0,nasa_power,16.54,0.0
19125,2026-01-08 20:00:00,28.0,75.0,0.0,3.0,nasa_power,16.54,0.0
19126,2026-01-08 21:00:00,28.0,75.0,0.0,3.0,nasa_power,16.54,0.0
19127,2026-01-08 22:00:00,28.0,75.0,0.0,3.0,nasa_power,16.54,0.0
19128,2026-01-08 23:00:00,28.0,75.0,0.0,3.0,nasa_power,16.54,0.0
19129,2026-01-09 00:00:00,28.0,75.0,0.0,3.0,nasa_power,16.54,0.0
19130,2026-01-09 01:00:00,28.0,75.0,0.0,3.0,nasa_power,16.54,0.0
19131,2026-01-09 02:00:00,28.0,75.0,0.0,3.0,nasa_power,16.54,0.0
19132,2026-01-09 03:00:00,28.0,75.0,0.0,3.0,nasa_power,16.54,0.0
19133,2026-01-09 04:00:00,28.0,75.0,0.0,3.0,nasa_power,16.54,0.0
19134,2026-01-09 05:00:00,28.0,75.0,0.0,3.0,nasa_power,16.54,0.0
19135,2026-01-09 06:00:00,28.0,75.0,0.0,3.0,nasa_power,16.54,0.0
19136,2026-01-09 07:00:00,28.0,75.0,0.0,3.0,nasa_power,16.54,0.0
19137,2026-01-09 08:00:00,28.0,75.0,0.0,3.0,nasa_power,16.54,0.0
19138,2026-01-09 09:00:00,28.0,75.0,0.0,3.0,nasa_power,16.54,0.0
19139,2026-01-09 10:00:00,28.0,75.0,0.0,3.0,nasa_power,16.54,0.0
19140,2026-01-09 11:00:00,28.0,75.0,0.0,3.0,nasa_power,16.54,0.0
19141,2026-01-09 12:00:00,28.0,75.0,0.0,3.0,nasa_power,16.54,0.0
19142,2026-01-09 13:00:00,28.0,75.0,0.0,3.0,nasa_power,16.54,0.0
19143,2026-01-09 14:00:00,28.0,75.0,0.0,3.0,nasa_power,16.54,0.0
19144,2026-01-09 15:00:00,28.0,75.0,0.0,3.0,nasa_power,16.54,0.0
19145,2026-01-09 16:00:00,28.0,75.0,0.0,3.0,nasa_power,16.54,0.0
19146,2026-01-09 17:00:00,28.0,75.0,0.0,3.0,nasa_power,16.54,0.0
19147,2026-01-09 18:00:00,28.0,75.0,0.0,3.0,nasa_power,16.54,0.0
19148,2026-01-09 19:00:00,28.0,75.0,0.0,3.0,nasa_power,16.54,0.0
19149,2026-01-09 20:00:00,28.0,75.0,0.0,3.0,nasa_power,16.54,0.0
19150,2026-01-09 21:00:00,28.0,75.0,0.0,3.0,nasa_power,16.54,0.0
19151,2026-01-09 22:00:00,28.0,75.0,0.0,3.0,nasa_power,16.54,0.0
19152,2026-01-09 23:00:00,28.0,75.0,0.0,3.0,nasa_power,16.54,0.0
19153,2026-01-10 00:00:00,28.0,75.0,0.0,3.0,nasa_power,16.54,0.0
19154,2026-01-10 01:00:00,28.0,75.0,0.0,3.0,nasa_power,16.54,0.0
19155,2026-01-10 02:00:00,28.0,75.0,0.0,3.0,nasa_power,16.54,0.0
19156,2026-01-10 03:00:00,28.0,75.0,0.0,3.0,nasa_power,16.54,0.0
19157,2026-01-10 04:00:00,28.0,75.0,0.0,3.0,nasa_power,16.54,0.0
19158,2026-01-10 05:00:00,28.0,75.0,0.0,3.0,nasa_power,16.54,0.0
19159,2026-01-10 06:00:00,28.0,75.0,0.0,3.0,nasa_power,16.54,0.0
19160,2026-01-10 07:00:00,28.0,75.0,0.0,3.0,nasa_power,16.54,0.0
19161,2026-01-10 08:00:00,28.0,75.0,0.0,3.0,nasa_power,16.54,0.0
19162,2026-01-10 09:00:00,28.0,75.0,0.0,3.0,nasa_power,16.54,0.0
19163,2026-01-10 10:00:00,28.0,75.0,0.0,3.0,nasa_power,16.54,0.0
19164,2026-01-10 11:00:00,28.0,75.0,0.0,3.0,nasa_power,16.54,0.0
19165,2026-01-10 12:00:00,28.0,75.0,0.0,3.0,nasa_power,16.54,0.0
19166,2026-01-10 13:00:00,28.0,75.0,0.0,3.0,nasa_power,16.54,0.0
19167,2026-01-10 14:00:00,28.0,75.0,0.0,3.0,nasa_power,16.54,0.0
19168,2026-01-10 15:00:00,28.0,75.0,0.0,3.0,nasa_power,16.54,0.0
19169,2026-01-10 16:00:00,28.0,75.0,0.0,3.0,nasa_power,16.54,0.0
19170,2026-01-10 17:00:00,28.0,75.0,0.0,3.0,nasa_power,16.54,0.0
19171,2026-01-10 18:00:00,28.0,75.0,0.0,3.0,nasa_power,16.54,0.0
19172,2026-01-10 19:00:00,28.0,75.0,0.0,3.0,nasa_power,16.54,0.0
19173,2026-01-10 20:00:00,28.0,75.0,0.0,3.0,nasa_power,16.54,0.0
19174,2026-01-10 21:00:00,28.0,75.0,0.0,3.0,nasa_power,16.54,0.0
19175,2026-01-10 22:00:00,28.0,75.0,0.0,3.0,nasa_power,16.54,0.0
19176,2026-01-10 23:00:00,28.0,75.0,0.0,3.0,nasa_power,16.54,0.0
19177,2026-01-11 00:00:00,28.0,75.0,0.0,3.0,nasa_power,16.54,0.0
19178,2026-01-11 01:00:00,28.0,75.0,0.0,3.0,nasa_power,16.54,0.0
19179,2026-01-11 02:00:00,28.0,75.0,0.0,3.0,nasa_power,16.54,0.0
19180,2026-01-11 03:00:00,28.0,75.0,0.0,3.0,nasa_power,16.54,0.0
19181,2026-01-11 04:00:00,28.0,75.0,0.0,3.0,nasa_power,16.54,0.0
19182,2026-01-11 05:00:00,28.0,75.0,0.0,3.0,nasa_power,16.54,0.0
19183,2026-01-11 06:00:00,28.0,75.0,0.0,3.0,nasa_power,16.54,0.0
19184,2026-01-11 07:00:00,28.0,75.0,0.0,3.0,nasa_power,16.54,0.0
19185,2026-01-11 08:00:00,28.0,75.0,0.0,3.0,nasa_power,16.54,0.0
19186,2026-01-11 09:00:00,28.0,75.0,0.0,3.0,nasa_power,16.54,0.0
19187,2026-01-11 10:00:00,28.0,75.0,0.0,3.0,nasa_power,16.54,0.0
19188,2026-01-11 11:00:00,28.0,75.0,0.0,3.0,nasa_power,16.54,0.0
19189,2026-01-11 12:00:00,28.0,75.0,0.0,3.0,nasa_power,16.54,0.0
19190,2026-01-11 13:00:00,28.0,75.0,0.0,3.0,nasa_power,16.54,0.0
19191,2026-01-11 14:00:00,28.0,75.0,0.0,3.0,nasa_power,16.54,0.0
19192,2026-01-11 15:00:00,28.0,75.0,0.0,3.0,nasa_power,16.54,0.0
19193,2026-01-11 16:00:00,28.0,75.0,0.0,3.0,nasa_power,16.54,0.0
19194,2026-01-11 17:00:00,28.0,75.0,0.0,3.0,nasa_power,16.54,0.0
19195,2026-01-11 18:00:00,28.0,75.0,0.0,3.0,nasa_power,16.54,0.0
19196,2026-01-11 19:00:00,28.0,75.0,0.0,3.0,nasa_power,16.54,0.0
19197,2026-01-11 20:00:00,28.0,75.0,0.0,3.0,nasa_power,16.54,0.0
19198,2026-01-11 21:00:00,28.0,75.0,0.0,3.0,nasa_power,16.54,0.0
19199,2026-01-11 22:00:00,28.0,75.0,0.0,3.0,nasa_power,16.54,0.0
19200,2026-01-11 23:00:00,28.0,75.0,0.0,3.0,nasa_power,16.54,0.0
19201,2026-01-12 00:00:00,28.0,75.0,0.0,3.0,nasa_power,16.54,0.0
19202,2026-01-12 01:00:00,28.0,75.0,0.0,3.0,nasa_power,16.54,0.0
19203,2026-01-12 02:00:00,28.0,75.0,0.0,3.0,nasa_power,16.54,0.0
19204,2026-01-12 03:00:00,28.0,75.0,0.0,3.0,nasa_power,16.54,0.0
19205,2026-01-12 04:00:00,28.0,75.0,0.0,3.0,nasa_power,16.54,0.0
19206,2026-01-12 05:00:00,28.0,75.0,0.0,3.0,nasa_power,16.54,0.0
19207,2026-01-12 06:00:00,28.0,75.0,0.0,3.0,nasa_power,16.54,0.0
19208,2026-01-12 07:00:00,28.0,75.0,0.0,3.0,nasa_power,16.54,0.0
19209,2026-01-12 08:00:00,28.0,75.0,0.0,3.0,nasa_power,16.54,0.0
19210,2026-01-12 09:00:00,28.0,75.0,0.0,3.0,nasa_power,16.54,0.0
19211,2026-01-12 10:00:00,28.0,75.0,0.0,3.0,nasa_power,16.54,0.0
19212,2026-01-12 11:00:00,28.0,75.0,0.0,3.0,nasa_power,16.54,0.0
19213,2026-01-12 12:00:00,28.0,75.0,0.0,3.0,nasa_power,16.54,0.0
19214,2026-01-12 13:00:00,28.0,75.0,0.0,3.0,nasa_power,16.54,0.0
19215,2026-01-12 14:00:00,28.0,75.0,0.0,3.0,nasa_power,16.54,0.0
19216,2026-01-12 15:00:00,28.0,75.0,0.0,3.0,nasa_power,16.54,0.0
19217,2026-01-12 16:00:00,28.0,75.0,0.0,3.0,nasa_power,16.54,0.0
19218,2026-01-12 17:00:00,28.0,75.0,0.0,3.0,nasa_power,16.54,0.0
19219,2026-01-12 18:00:00,28.0,75.0,0.0,3.0,nasa_power,16.54,0.0
19220,2026-01-12 19:00:00,28.0,75.0,0.0,3.0,nasa_power,16.54,0.0
19221,2026-01-12 20:00:00,28.0,75.0,0.0,3.0,nasa_power,16.54,0.0
19222,2026-01-12 21:00:00,28.0,75.0,0.0,3.0,nasa_power,16.54,0.0
19223,2026-01-12 22:00:00,28.0,75.0,0.0,3.0,nasa_power,16.54,0.0
19224,2026-01-12 23:00:00,28.0,75.0,0.0,3.0,nasa_power,16.54,0.0
19225,2026-01-13 00:00:00,28.0,75.0,0.0,3.0,nasa_power,16.54,0.0
19226,2026-01-13 01:00:00,28.0,75.0,0.0,3.0,nasa_power,16.54,0.0
19227,2026-01-13 02:00:00,28.0,75.0,0.0,3.0,nasa_power,16.54,0.0
19228,2026-01-13 03:00:00,28.0,75.0,0.0,3.0,nasa_power,16.54,0.0
19229,2026-01-13 04:00:00,28.0,75.0,0.0,3.0,nasa_power,16.54,0.0
19230,2026-01-13 05:00:00,28.0,75.0,0.0,3.0,nasa_power,16.54,0.0
19231,2026-01-13 06:00:00,28.0,75.0,0.0,3.0,nasa_power,16.54,0.0
19232,2026-01-13 07:00:00,28.0,75.0,0.0,3.0,nasa_power,16.54,0.0
19233,2026-01-13 08:00:00,28.0,75.0,0.0,3.0,nasa_power,16.54,0.0
19234,2026-01-13 09:00:00,28.0,75.0,0.0,3.0,nasa_power,16.54,0.0
19235,2026-01-13 10:00:00,28.0,75.0,0.0,3.0,nasa_power,16.54,0.0
19236,2026-01-13 11:00:00,28.0,75.0,0.0,3.0,nasa_power,16.54,0.0
19237,2026-01-13 12:00:00,28.0,75.0,0.0,3.0,nasa_power,16.54,0.0
19238,2026-01-13 13:00:00,28.0,75.0,0.0,3.0,nasa_power,16.54,0.0
19239,2026-01-13 14:00:00,28.0,75.0,0.0,3.0,nasa_power,16.54,0.0
19240,2026-01-13 15:00:00,28.0,75.0,0.0,3.0,nasa_power,16.54,0.0
19241,2026-01-13 16:00:00,28.0,75.0,0.0,3.0,nasa_power,16.54,0.0
19242,2026-01-13 17:00:00,28.0,75.0,0.0,3.0,nasa_power,16.54,0.0
19243,2026-01-13 18:00:00,28.0,75.0,0.0,3.0,nasa_power,16.54,0.0
19244,2026-01-13 19:00:00,28.0,75.0,0.0,3.0,nasa_power,16.54,0.0
19245,2026-01-13 20:00:00,28.0,75.0,0.0,3.0,nasa_power,16.54,0.0
19246,2026-01-13 21:00:00,28.0,75.0,0.0,3.0,nasa_power,16.54,0.0
19247,2026-01-13 22:00:00,28.0,75.0,0.0,3.0,nasa_power,16.54,0.0
19248,2026-01-13 23:00:00,28.0,75.0,0.0,3.0,nasa_power,16.54,0.0
19249,2026-01-14 00:00:00,28.0,75.0,0.0,3.0,nasa_power,16.54,0.0
19250,2026-01-14 01:00:00,28.0,75.0,0.0,3.0,nasa_power,16.54,0.0
19251,2026-01-14 02:00:00,28.0,75.0,0.0,3.0,nasa_power,16.54,0.0
19252,2026-01-14 03:00:00,28.0,75.0,0.0,3.0,nasa_power,16.54,0.0
19253,2026-01-14 04:00:00,28.0,75.0,0.0,3.0,nasa_power,16.54,0.0
19254,2026-01-14 05:00:00,28.0,75.0,0.0,3.0,nasa_power,16.54,0.0
19255,2026-01-14 06:00:00,28.0,75.0,0.0,3.0,nasa_power,16.54,0.0
19256,2026-01-14 07:00:00,28.0,75.0,0.0,3.0,nasa_power,16.54,0.0
19257,2026-01-14 08:00:00,28.0,75.0,0.0,3.0,nasa_power,16.54,0.0
19258,2026-01-14 09:00:00,28.0,75.0,0.0,3.0,nasa_power,16.54,0.0
19259,2026-01-14 10:00:00,28.0,75.0,0.0,3.0,nasa_power,16.54,0.0
19260,2026-01-14 11:00:00,28.0,75.0,0.0,3.0,nasa_power,16.54,0.0
19261,2026-01-14 12:00:00,28.0,75.0,0.0,3.0,nasa_power,16.54,0.0
19262,2026-01-14 13:00:00,28.0,75.0,0.0,3.0,nasa_power,16.54,0.0
19263,2026-01-14 14:00:00,28.0,75.0,0.0,3.0,nasa_power,16.54,0.0
19264,2026-01-14 15:00:00,28.0,75.0,0.0,3.0,nasa_power,16.54,0.0
19265,2026-01-14 16:00:00,28.0,75.0,0.0,3.0,nasa_power,16.54,0.0
19266,2026-01-14 17:00:00,28.0,75.0,0.0,3.0,nasa_power,16.54,0.0
19267,2026-01-14 18:00:00,28.0,75.0,0.0,3.0,nasa_power,16.54,0.0
19268,2026-01-14 19:00:00,28.0,75.0,0.0,3.0,nasa_power,16.54,0.0
19269,2026-01-14 20:00:00,28.0,75.0,0.0,3.0,nasa_power,16.54,0.0
19270,2026-01-14 21:00:00,28.0,75.0,0.0,3.0,nasa_power,16.54,0.0
19271,2026-01-14 22:00:00,28.0,75.0,0.0,3.0,nasa_power,16.54,0.0
19272,2026-01-14 23:00:00,28.0,75.0,0.0,3.0,nasa_power,16.54,0.0
19273,2026-01-15 00:00:00,28.0,75.0,0.0,3.0,nasa_power,16.54,0.0
19274,2026-01-15 01:00:00,28.0,75.0,0.0,3.0,nasa_power,16.54,0.0
19275,2026-01-15 02:00:00,28.0,75.0,0.0,3.0,nasa_power,16.54,0.0
19276,2026-01-15 03:00:00,28.0,75.0,0.0,3.0,nasa_power,16.54,0.0
19277,2026-01-15 04:00:00,28.0,75.0,0.0,3.0,nasa_power,16.54,0.0
19278,2026-01-15 05:00:00,28.0,75.0,0.0,3.0,nasa_power,16.54,0.0
19279,2026-01-15 06:00:00,28.0,75.0,0.0,3.0,nasa_power,16.54,0.0
19280,2026-01-15 07:00:00,28.0,75.0,0.0,3.0,nasa_power,16.54,0.0
19281,2026-01-15 08:00:00,28.0,75.0,0.0,3.0,nasa_power,16.54,0.0
19282,2026-01-15 09:00:00,28.0,75.0,0.0,3.0,nasa_power,16.54,0.0
19283,2026-01-15 10:00:00,28.0,75.0,0.0,3.0,nasa_power,16.54,0.0
19284,2026-01-15 11:00:00,28.0,75.0,0.0,3.0,nasa_power,16.54,0.0
19285,2026-01-15 12:00:00,28.0,75.0,0.0,3.0,nasa_power,16.54,0.0
19286,2026-01-15 13:00:00,28.0,75.0,0.0,3.0,nasa_power,16.54,0.0
19287,2026-01-15 14:00:00,28.0,75.0,0.0,3.0,nasa_power,16.54,0.0
19288,2026-01-15 15:00:00,28.0,75.0,0.0,3.0,nasa_power,16.54,0.0
19289,2026-01-15 16:00:00,28.0,75.0,0.0,3.0,nasa_power,16.54,0.0
19290,2026-01-15 17:00:00,28.0,75.0,0.0,3.0,nasa_power,16.54,0.0
19291,2026-01-15 18:00:00,28.0,75.0,0.0,3.0,nasa_power,16.54,0.0
19292,2026-01-15 19:00:00,28.0,75.0,0.0,3.0,nasa_power,16.54,0.0
19293,2026-01-15 20:00:00,28.0,75.0,0.0,3.0,nasa_power,16.54,0.0
19294,2026-01-15 21:00:00,28.0,75.0,0.0,3.0,nasa_power,16.54,0.0
19295,2026-01-15 22:00:00,28.0,75.0,0.0,3.0,nasa_power,16.54,0.0
19296,2026-01-15 23:00:00,28.0,75.0,0.0,3.0,nasa_power,16.54,0.0
19297,2026-01-16 00:00:00,28.0,75.0,0.0,3.0,nasa_power,16.54,0.0
19298,2026-01-16 01:00:00,28.0,75.0,0.0,3.0,nasa_power,16.54,0.0
19299,2026-01-16 02:00:00,28.0,75.0,0.0,3.0,nasa_power,16.54,0.0
19300,2026-01-16 03:00:00,28.0,75.0,0.0,3.0,nasa_power,16.54,0.0
19301,2026-01-16 04:00:00,28.0,75.0,0.0,3.0,nasa_power,16.54,0.0
19302,2026-01-16 05:00:00,28.0,75.0,0.0,3.0,nasa_power,16.54,0.0
19303,2026-01-16 06:00:00,28.0,75.0,0.0,3.0,nasa_power,16.54,0.0
19304,2026-01-16 07:00:00,28.0,75.0,0.0,3.0,nasa_power,16.54,0.0
19305,2026-01-16 08:00:00,28.0,75.0,0.0,3.0,nasa_power,16.54,0.0
19306,2026-01-16 09:00:00,28.0,75.0,0.0,3.0,nasa_power,16.54,0.0
19307,2026-01-16 10:00:00,28.0,75.0,0.0,3.0,nasa_power,16.54,0.0
19308,2026-01-16 11:00:00,28.0,75.0,0.0,3.0,nasa_power,16.54,0.0
19309,2026-01-16 12:00:00,28.0,75.0,0.0,3.0,nasa_power,16.54,0.0
19310,2026-01-16 13:00:00,28.0,75.0,0.0,3.0,nasa_power,16.54,0.0
19311,2026-01-16 14:00:00,28.0,75.0,0.0,3.0,nasa_power,16.54,0.0
19312,2026-01-16 15:00:00,28.0,75.0,0.0,3.0,nasa_power,16.54,0.0
19313,2026-01-16 16:00:00,28.0,75.0,0.0,3.0,nasa_power,16.54,0.0
19314,2026-01-16 17:00:00,28.0,75.0,0.0,3.0,nasa_power,16.54,0.0
19315,2026-01-16 18:00:00,28.0,75.0,0.0,3.0,nasa_power,16.54,0.0
19316,2026-01-16 19:00:00,28.0,75.0,0.0,3.0,nasa_power,16.54,0.0
19317,2026-01-16 20:00:00,28.0,75.0,0.0,3.0,nasa_power,16.54,0.0
19318,2026-01-16 21:00:00,28.0,75.0,0.0,3.0,nasa_power,16.54,0.0
19319,2026-01-16 22:00:00,28.0,75.0,0.0,3.0,nasa_power,16.54,0.0
19320,2026-01-16 23:00:00,28.0,75.0,0.0,3.0,nasa_power,16.54,0.0
19321,2026-01-17 00:00:00,28.0,75.0,0.0,3.0,nasa_power,16.54,0.0
19322,2026-01-17 01:00:00,28.0,75.0,0.0,3.0,nasa_power,16.54,0.0
19323,2026-01-17 02:00:00,28.0,75.0,0.0,3.0,nasa_power,16.54,0.0
19324,2026-01-17 03:00:00,28.0,75.0,0.0,3.0,nasa_power,16.54,0.0
19325,2026-01-17 04:00:00,28.0,75.0,0.0,3.0,nasa_power,16.54,0.0
19326,2026-01-17 05:00:00,28.0,75.0,0.0,3.0,nasa_power,16.54,0.0
19327,2026-01-17 06:00:00,28.0,75.0,0.0,3.0,nasa_power,16.54,0.0
19328,2026-01-17 07:00:00,28.0,75.0,0.0,3.0,nasa_power,16.54,0.0
19329,2026-01-17 08:00:00,28.0,75.0,0.0,3.0,nasa_power,16.54,0.0
19330,2026-01-17 09:00:00,28.0,75.0,0.0,3.0,nasa_power,16.54,0.0
19331,2026-01-17 10:00:00,28.0,75.0,0.0,3.0,nasa_power,16.54,0.0
19332,2026-01-17 11:00:00,28.0,75.0,0.0,3.0,nasa_power,16.54,0.0
19333,2026-01-17 12:00:00,28.0,75.0,0.0,3.0,nasa_power,16.54,0.0
19334,2026-01-17 13:00:00,28.0,75.0,0.0,3.0,nasa_power,16.54,0.0
19335,2026-01-17 14:00:00,28.0,75.0,0.0,3.0,nasa_power,16.54,0.0
19336,2026-01-17 15:00:00,28.0,75.0,0.0,3.0,nasa_power,16.54,0.0
19337,2026-01-17 16:00:00,28.0,75.0,0.0,3.0,nasa_power,16.54,0.0
19338,2026-01-17 17:00:00,28.0,75.0,0.0,3.0,nasa_power,16.54,0.0
19339,2026-01-17 18:00:00,28.0,75.0,0.0,3.0,nasa_power,16.54,0.0
19340,2026-01-17 19:00:00,28.0,75.0,0.0,3.0,nasa_power,16.54,0.0
19341,2026-01-17 20:00:00,28.0,75.0,0.0,3.0,nasa_power,16.54,0.0
19342,2026-01-17 21:00:00,28.0,75.0,0.0,3.0,nasa_power,16.54,0.0
19343,2026-01-17 22:00:00,28.0,75.0,0.0,3.0,nasa_power,16.54,0.0
19344,2026-01-17 23:00:00,28.0,75.0,0.0,3.0,nasa_power,16.54,0.0
19345,2026-01-18 00:00:00,28.0,75.0,0.0,3.0,nasa_power,16.54,0.0
19346,2026-01-18 01:00:00,28.0,75.0,0.0,3.0,nasa_power,16.54,0.0
19347,2026-01-18 02:00:00,28.0,75.0,0.0,3.0,nasa_power,16.54,0.0
19348,2026-01-18 03:00:00,28.0,75.0,0.0,3.0,nasa_power,16.54,0.0
19349,2026-01-18 04:00:00,28.0,75.0,0.0,3.0,nasa_power,16.54,0.0
19350,2026-01-18 05:00:00,28.0,75.0,0.0,3.0,nasa_power,16.54,0.0
19351,2026-01-18 06:00:00,28.0,75.0,0.0,3.0,nasa_power,16.54,0.0
19352,2026-01-18 07:00:00,28.0,75.0,0.0,3.0,nasa_power,16.54,0.0
19353,2026-01-18 08:00:00,28.0,75.0,0.0,3.0,nasa_power,16.54,0.0
19354,2026-01-18 09:00:00,28.0,75.0,0.0,3.0,nasa_power,16.54,0.0
19355,2026-01-18 10:00:00,28.0,75.0,0.0,3.0,nasa_power,16.54,0.0
19356,2026-01-18 11:00:00,28.0,75.0,0.0,3.0,nasa_power,16.54,0.0
19357,2026-01-18 12:00:00,28.0,75.0,0.0,3.0,nasa_power,16.54,0.0
19358,2026-01-18 13:00:00,28.0,75.0,0.0,3.0,nasa_power,16.54,0.0
19359,2026-01-18 14:00:00,28.0,75.0,0.0,3.0,nasa_power,16.54,0.0
19360,2026-01-18 15:00:00,28.0,75.0,0.0,3.0,nasa_power,16.54,0.0
19361,2026-01-18 16:00:00,28.0,75.0,0.0,3.0,nasa_power,16.54,0.0
19362,2026-01-18 17:00:00,28.0,75.0,0.0,3.0,nasa_power,16.54,0.0
19363,2026-01-18 18:00:00,28.0,75.0,0.0,3.0,nasa_power,16.54,0.0
19364,2026-01-18 19:00:00,28.0,75.0,0.0,3.0,nasa_power,16.54,0.0
19365,2026-01-18 20:00:00,28.0,75.0,0.0,3.0,nasa_power,16.54,0.0
19366,2026-01-18 21:00:00,28.0,75.0,0.0,3.0,nasa_power,16.54,0.0
19367,2026-01-18 22:00:00,28.0,75.0,0.0,3.0,nasa_power,16.54,0.0
19368,2026-01-18 23:00:00,28.0,75.0,0.0,3.0,nasa_power,16.54,0.0
19369,2026-01-19 00:00:00,28.0,75.0,0.0,3.0,nasa_power,16.54,0.0
19370,2026-01-19 01:00:00,28.0,75.0,0.0,3.0,nasa_power,16.54,0.0
19371,2026-01-19 02:00:00,28.0,75.0,0.0,3.0,nasa_power,16.54,0.0
19372,2026-01-19 03:00:00,28.0,75.0,0.0,3.0,nasa_power,16.54,0.0
19373,2026-01-19 04:00:00,28.0,75.0,0.0,3.0,nasa_power,16.54,0.0
19374,2026-01-19 05:00:00,28.0,75.0,0.0,3.0,nasa_power,16.54,0.0
19375,2026-01-19 06:00:00,28.0,75.0,0.0,3.0,nasa_power,16.54,0.0
19376,2026-01-19 07:00:00,28.0,75.0,0.0,3.0,nasa_power,16.54,0.0
19377,2026-01-19 08:00:00,28.0,75.0,0.0,3.0,nasa_power,16.54,0.0
19378,2026-01-19 09:00:00,28.0,75.0,0.0,3.0,nasa_power,16.54,0.0
19379,2026-01-19 10:00:00,28.0,75.0,0.0,3.0,nasa_power,16.54,0.0
19380,2026-01-19 11:00:00,28.0,75.0,0.0,3.0,nasa_power,16.54,0.0
19381,2026-01-19 12:00:00,28.0,75.0,0.0,3.0,nasa_power,16.54,0.0
19382,2026-01-19 13:00:00,28.0,75.0,0.0,3.0,nasa_power,16.54,0.0
19383,2026-01-19 14:00:00,28.0,75.0,0.0,3.0,nasa_power,16.54,0.0
19384,2026-01-19 15:00:00,28.0,75.0,0.0,3.0,nasa_power,16.54,0.0
19385,2026-01-19 16:00:00,28.0,75.0,0.0,3.0,nasa_power,16.54,0.0
19386,2026-01-19 17:00:00,28.0,75.0,0.0,3.0,nasa_power,16.54,0.0
19387,2026-01-19 18:00:00,28.0,75.0,0.0,3.0,nasa_power,16.54,0.0
19388,2026-01-19 19:00:00,28.0,75.0,0.0,3.0,nasa_power,16.54,0.0
19389,2026-01-19 20:00:00,28.0,75.0,0.0,3.0,nasa_power,16.54,0.0
19390,2026-01-19 21:00:00,28.0,75.0,0.0,3.0,nasa_power,16.54,0.0
19391,2026-01-19 22:00:00,28.0,75.0,0.0,3.0,nasa_power,16.54,0.0
19392,2026-01-19 23:00:00,28.0,75.0,0.0,3.0,nasa_power,16.54,0.0
19393,2026-01-20 00:00:00,28.0,75.0,0.0,3.0,nasa_power,16.54,0.0
19394,2026-01-20 01:00:00,28.0,75.0,0.0,3.0,nasa_power,16.54,0.0
19395,2026-01-20 02:00:00,28.0,75.0,0.0,3.0,nasa_power,16.54,0.0
19396,2026-01-20 03:00:00,28.0,75.0,0.0,3.0,nasa_power,16.54,0.0
19397,2026-01-20 04:00:00,28.0,75.0,0.0,3.0,nasa_power,16.54,0.0
19398,2026-01-20 05:00:00,28.0,75.0,0.0,3.0,nasa_power,16.54,0.0
19399,2026-01-20 06:00:00,28.0,75.0,0.0,3.0,nasa_power,16.54,0.0
19400,2026-01-20 07:00:00,28.0,75.0,0.0,3.0,nasa_power,16.54,0.0
19401,2026-01-20 08:00:00,28.0,75.0,0.0,3.0,nasa_power,16.54,0.0
19402,2026-01-20 09:00:00,28.0,75.0,0.0,3.0,nasa_power,16.54,0.0
19403,2026-01-20 10:00:00,28.0,75.0,0.0,3.0,nasa_power,16.54,0.0
19404,2026-01-20 11:00:00,28.0,75.0,0.0,3.0,nasa_power,16.54,0.0
19405,2026-01-20 12:00:00,28.0,75.0,0.0,3.0,nasa_power,16.54,0.0
19406,2026-01-20 13:00:00,28.0,75.0,0.0,3.0,nasa_power,16.54,0.0
19407,2026-01-20 14:00:00,28.0,75.0,0.0,3.0,nasa_power,16.54,0.0
19408,2026-01-20 15:00:00,28.0,75.0,0.0,3.0,nasa_power,16.54,0.0
19409,2026-01-20 16:00:00,28.0,75.0,0.0,3.0,nasa_power,16.54,0.0
19410,2026-01-20 17:00:00,28.0,75.0,0.0,3.0,nasa_power,16.54,0.0
19411,2026-01-20 18:00:00,28.0,75.0,0.0,3.0,nasa_power,16.54,0.0
19412,2026-01-20 19:00:00,28.0,75.0,0.0,3.0,nasa_power,16.54,0.0
19413,2026-01-20 20:00:00,28.0,75.0,0.0,3.0,nasa_power,16.54,0.0
19414,2026-01-20 21:00:00,28.0,75.0,0.0,3.0,nasa_power,16.54,0.0
19415,2026-01-20 22:00:00,28.0,75.0,0.0,3.0,nasa_power,16.54,0.0
19416,2026-01-20 23:00:00,28.0,75.0,0.0,3.0,nasa_power,16.54,0.0
19417,2026-01-21 00:00:00,28.0,75.0,0.0,3.0,nasa_power,16.54,0.0
19418,2026-01-21 01:00:00,28.0,75.0,0.0,3.0,nasa_power,16.54,0.0
19419,2026-01-21 02:00:00,28.0,75.0,0.0,3.0,nasa_power,16.54,0.0
19420,2026-01-21 03:00:00,28.0,75.0,0.0,3.0,nasa_power,16.54,0.0
19421,2026-01-21 04:00:00,28.0,75.0,0.0,3.0,nasa_power,16.54,0.0
19422,2026-01-21 05:00:00,28.0,75.0,0.0,3.0,nasa_power,16.54,0.0
19423,2026-01-21 06:00:00,28.0,75.0,0.0,3.0,nasa_power,16.54,0.0
19424,2026-01-21 07:00:00,28.0,75.0,0.0,3.0,nasa_power,16.54,0.0
19425,2026-01-21 08:00:00,28.0,75.0,0.0,3.0,nasa_power,16.54,0.0
19426,2026-01-21 09:00:00,28.0,75.0,0.0,3.0,nasa_power,16.54,0.0
19427,2026-01-21 10:00:00,28.0,75.0,0.0,3.0,nasa_power,16.54,0.0
19428,2026-01-21 11:00:00,28.0,75.0,0.0,3.0,nasa_power,16.54,0.0
19429,2026-01-21 12:00:00,28.0,75.0,0.0,3.0,nasa_power,16.54,0.0
19430,2026-01-21 13:00:00,28.0,75.0,0.0,3.0,nasa_power,16.54,0.0
19431,2026-01-21 14:00:00,28.0,75.0,0.0,3.0,nasa_power,16.54,0.0
19432,2026-01-21 15:00:00,28.0,75.0,0.0,3.0,nasa_power,16.54,0.0
19433,2026-01-21 16:00:00,28.0,75.0,0.0,3.0,nasa_power,16.54,0.0
19434,2026-01-21 17:00:00,28.0,75.0,0.0,3.0,nasa_power,16.54,0.0
19435,2026-01-21 18:00:00,28.0,75.0,0.0,3.0,nasa_power,16.54,0.0
19436,2026-01-21 19:00:00,28.0,75.0,0.0,3.0,nasa_power,16.54,0.0
19437,2026-01-21 20:00:00,28.0,75.0,0.0,3.0,nasa_power,16.54,0.0
19438,2026-01-21 21:00:00,28.0,75.0,0.0,3.0,nasa_power,16.54,0.0
19439,2026-01-21 22:00:00,28.0,75.0,0.0,3.0,nasa_power,16.54,0.0
19440,2026-01-21 23:00:00,28.0,75.0,0.0,3.0,nasa_power,16.54,0.0
19441,2026-01-22 00:00:00,28.0,75.0,0.0,3.0,nasa_power,16.54,0.0
19442,2026-01-22 01:00:00,28.0,75.0,0.0,3.0,nasa_power,16.54,0.0
19443,2026-01-22 02:00:00,28.0,75.0,0.0,3.0,nasa_power,16.54,0.0
19444,2026-01-22 03:00:00,28.0,75.0,0.0,3.0,nasa_power,16.54,0.0
19445,2026-01-22 04:00:00,28.0,75.0,0.0,3.0,nasa_power,16.54,0.0
19446,2026-01-22 05:00:00,28.0,75.0,0.0,3.0,nasa_power,16.54,0.0
19447,2026-01-22 06:00:00,28.0,75.0,0.0,3.0,nasa_power,16.54,0.0
19448,2026-01-22 07:00:00,28.0,75.0,0.0,3.0,nasa_power,16.54,0.0
19449,2026-01-22 08:00:00,28.0,75.0,0.0,3.0,nasa_power,16.54,0.0
19450,2026-01-22 09:00:00,28.0,75.0,0.0,3.0,nasa_power,16.54,0.0
19451,2026-01-22 10:00:00,28.0,75.0,0.0,3.0,nasa_power,16.54,0.0
19452,2026-01-22 11:00:00,28.0,75.0,0.0,3.0,nasa_power,16.54,0.0
19453,2026-01-22 12:00:00,28.0,75.0,0.0,3.0,nasa_power,16.54,0.0
19454,2026-01-22 13:00:00,28.0,75.0,0.0,3.0,nasa_power,16.54,0.0
19455,2026-01-22 14:00:00,28.0,75.0,0.0,3.0,nasa_power,16.54,0.0
19456,2026-01-22 15:00:00,28.0,75.0,0.0,3.0,nasa_power,16.54,0.0
19457,2026-01-22 16:00:00,28.0,75.0,0.0,3.0,nasa_power,16.54,0.0
19458,2026-01-22 17:00:00,28.0,75.0,0.0,3.0,nasa_power,16.54,0.0
19459,2026-01-22 18:00:00,28.0,75.0,0.0,3.0,nasa_power,16.54,0.0
19460,2026-01-22 19:00:00,28.0,75.0,0.0,3.0,nasa_power,16.54,0.0
19461,2026-01-22 20:00:00,28.0,75.0,0.0,3.0,nasa_power,16.54,0.0
19462,2026-01-22 21:00:00,28.0,75.0,0.0,3.0,nasa_power,16.54,0.0
19463,2026-01-22 22:00:00,28.0,75.0,0.0,3.0,nasa_power,16.54,0.0
19464,2026-01-22 23:00:00,28.0,75.0,0.0,3.0,nasa_power,16.54,0.0
19465,2026-01-23 00:00:00,28.0,75.0,0.0,3.0,nasa_power,16.54,0.0
19466,2026-01-23 01:00:00,28.0,75.0,0.0,3.0,nasa_power,16.54,0.0
19467,2026-01-23 02:00:00,28.0,75.0,0.0,3.0,nasa_power,16.54,0.0
19468,2026-01-23 03:00:00,28.0,75.0,0.0,3.0,nasa_power,16.54,0.0
19469,2026-01-23 04:00:00,28.0,75.0,0.0,3.0,nasa_power,16.54,0.0
19470,2026-01-23 05:00:00,28.0,75.0,0.0,3.0,nasa_power,16.54,0.0
19471,2026-01-23 06:00:00,28.0,75.0,0.0,3.0,nasa_power,16.54,0.0
19472,2026-01-23 07:00:00,28.0,75.0,0.0,3.0,nasa_power,16.54,0.0
19473,2026-01-23 08:00:00,28.0,75.0,0.0,3.0,nasa_power,16.54,0.0
19474,2026-01-23 09:00:00,28.0,75.0,0.0,3.0,nasa_power,16.54,0.0
19475,2026-01-23 10:00:00,28.0,75.0,0.0,3.0,nasa_power,16.54,0.0
19476,2026-01-23 11:00:00,28.0,75.0,0.0,3.0,nasa_power,16.54,0.0
19477,2026-01-23 12:00:00,28.0,75.0,0.0,3.0,nasa_power,16.54,0.0
19478,2026-01-23 13:00:00,28.0,75.0,0.0,3.0,nasa_power,16.54,0.0
19479,2026-01-23 14:00:00,28.0,75.0,0.0,3.0,nasa_power,16.54,0.0
19480,2026-01-23 15:00:00,28.0,75.0,0.0,3.0,nasa_power,16.54,0.0
19481,2026-01-23 16:00:00,28.0,75.0,0.0,3.0,nasa_power,16.54,0.0
19482,2026-01-23 17:00:00,28.0,75.0,0.0,3.0,nasa_power,16.54,0.0
19483,2026-01-23 18:00:00,28.0,75.0,0.0,3.0,nasa_power,16.54,0.0
19484,2026-01-23 19:00:00,28.0,75.0,0.0,3.0,nasa_power,16.54,0.0
19485,2026-01-23 20:00:00,28.0,75.0,0.0,3.0,nasa_power,16.54,0.0
19486,2026-01-23 21:00:00,28.0,75.0,0.0,3.0,nasa_power,16.54,0.0
19487,2026-01-23 22:00:00,28.0,75.0,0.0,3.0,nasa_power,16.54,0.0
19488,2026-01-23 23:00:00,28.0,75.0,0.0,3.0,nasa_power,16.54,0.0
19489,2026-01-24 00:00:00,28.0,75.0,0.0,3.0,nasa_power,16.54,0.0
19490,2026-01-24 01:00:00,28.0,75.0,0.0,3.0,nasa_power,16.54,0.0
19491,2026-01-24 02:00:00,28.0,75.0,0.0,3.0,nasa_power,16.54,0.0
19492,2026-01-24 03:00:00,28.0,75.0,0.0,3.0,nasa_power,16.54,0.0
19493,2026-01-24 04:00:00,28.0,75.0,0.0,3.0,nasa_power,16.54,0.0
19494,2026-01-24 05:00:00,28.0,75.0,0.0,3.0,nasa_power,16.54,0.0
19495,2026-01-24 06:00:00,28.0,75.0,0.0,3.0,nasa_power,16.54,0.0
19496,2026-01-24 07:00:00,28.0,75.0,0.0,3.0,nasa_power,16.54,0.0
19497,2026-01-24 08:00:00,28.0,75.0,0.0,3.0,nasa_power,16.54,0.0
19498,2026-01-24 09:00:00,28.0,75.0,0.0,3.0,nasa_power,16.54,0.0
19499,2026-01-24 10:00:00,28.0,75.0,0.0,3.0,nasa_power,16.54,0.0
19500,2026-01-24 11:00:00,28.0,75.0,0.0,3.0,nasa_power,16.54,0.0
19501,2026-01-24 12:00:00,28.0,75.0,0.0,3.0,nasa_power,16.54,0.0
19502,2026-01-24 13:00:00,28.0,75.0,0.0,3.0,nasa_power,16.54,0.0
19503,2026-01-24 14:00:00,28.0,75.0,0.0,3.0,nasa_power,16.54,0.0
19504,2026-01-24 15:00:00,28.0,75.0,0.0,3.0,nasa_power,16.54,0.0
19505,2026-01-24 16:00:00,28.0,75.0,0.0,3.0,nasa_power,16.54,0.0
19506,2026-01-24 17:00:00,28.0,75.0,0.0,3.0,nasa_power,16.54,0.0
19507,2026-01-24 18:00:00,28.0,75.0,0.0,3.0,nasa_power,16.54,0.0
19508,2026-01-24 19:00:00,28.0,75.0,0.0,3.0,nasa_power,16.54,0.0
19509,2026-01-24 20:00:00,28.0,75.0,0.0,3.0,nasa_power,16.54,0.0
19510,2026-01-24 21:00:00,28.0,75.0,0.0,3.0,nasa_power,16.54,0.0
19511,2026-01-24 22:00:00,28.0,75.0,0.0,3.0,nasa_power,16.54,0.0
19512,2026-01-24 23:00:00,28.0,75.0,0.0,3.0,nasa_power,16.54,0.0
19513,2026-01-25 00:00:00,28.0,75.0,0.0,3.0,nasa_power,16.54,0.0
19514,2026-01-25 01:00:00,28.0,75.0,0.0,3.0,nasa_power,16.54,0.0
19515,2026-01-25 02:00:00,28.0,75.0,0.0,3.0,nasa_power,16.54,0.0
19516,2026-01-25 03:00:00,28.0,75.0,0.0,3.0,nasa_power,16.54,0.0
19517,2026-01-25 04:00:00,28.0,75.0,0.0,3.0,nasa_power,16.54,0.0
19518,2026-01-25 05:00:00,28.0,75.0,0.0,3.0,nasa_power,16.54,0.0
19519,2026-01-25 06:00:00,28.0,75.0,0.0,3.0,nasa_power,16.54,0.0
19520,2026-01-25 07:00:00,28.0,75.0,0.0,3.0,nasa_power,16.54,0.0
19521,2026-01-25 08:00:00,28.0,75.0,0.0,3.0,nasa_power,16.54,0.0
19522,2026-01-25 09:00:00,28.0,75.0,0.0,3.0,nasa_power,16.54,0.0
19523,2026-01-25 10:00:00,28.0,75.0,0.0,3.0,nasa_power,16.54,0.0
19524,2026-01-25 11:00:00,28.0,75.0,0.0,3.0,nasa_power,16.54,0.0
19525,2026-01-25 12:00:00,28.0,75.0,0.0,3.0,nasa_power,16.54,0.0
19526,2026-01-25 13:00:00,28.0,75.0,0.0,3.0,nasa_power,16.54,0.0
19527,2026-01-25 14:00:00,28.0,75.0,0.0,3.0,nasa_power,16.54,0.0
19528,2026-01-25 15:00:00,28.0,75.0,0.0,3.0,nasa_power,16.54,0.0
19529,2026-01-25 16:00:00,28.0,75.0,0.0,3.0,nasa_power,16.54,0.0
19530,2026-01-25 17:00:00,28.0,75.0,0.0,3.0,nasa_power,16.54,0.0
19531,2026-01-25 18:00:00,28.0,75.0,0.0,3.0,nasa_power,16.54,0.0
19532,2026-01-25 19:00:00,28.0,75.0,0.0,3.0,nasa_power,16.54,0.0
19533,2026-01-25 20:00:00,28.0,75.0,0.0,3.0,nasa_power,16.54,0.0
19534,2026-01-25 21:00:00,28.0,75.0,0.0,3.0,nasa_power,16.54,0.0
19535,2026-01-25 22:00:00,28.0,75.0,0.0,3.0,nasa_power,16.54,0.0
19536,2026-01-25 23:00:00,28.0,75.0,0.0,3.0,nasa_power,16.54,0.0
19537,2026-01-26 00:00:00,28.0,75.0,0.0,3.0,nasa_power,16.54,0.0
19538,2026-01-26 01:00:00,28.0,75.0,0.0,3.0,nasa_power,16.54,0.0
19539,2026-01-26 02:00:00,28.0,75.0,0.0,3.0,nasa_power,16.54,0.0
19540,2026-01-26 03:00:00,28.0,75.0,0.0,3.0,nasa_power,16.54,0.0
19541,2026-01-26 04:00:00,28.0,75.0,0.0,3.0,nasa_power,16.54,0.0
19542,2026-01-26 05:00:00,28.0,75.0,0.0,3.0,nasa_power,16.54,0.0
19543,2026-01-26 06:00:00,28.0,75.0,0.0,3.0,nasa_power,16.54,0.0
19544,2026-01-26 07:00:00,28.0,75.0,0.0,3.0,nasa_power,16.54,0.0
19545,2026-01-26 08:00:00,28.0,75.0,0.0,3.0,nasa_power,16.54,0.0
19546,2026-01-26 09:00:00,28.0,75.0,0.0,3.0,nasa_power,16.54,0.0
19547,2026-01-26 10:00:00,28.0,75.0,0.0,3.0,nasa_power,16.54,0.0
19548,2026-01-26 11:00:00,28.0,75.0,0.0,3.0,nasa_power,16.54,0.0
19549,2026-01-26 12:00:00,28.0,75.0,0.0,3.0,nasa_power,16.54,0.0
19550,2026-01-26 13:00:00,28.0,75.0,0.0,3.0,nasa_power,16.54,0.0
19551,2026-01-26 14:00:00,28.0,75.0,0.0,3.0,nasa_power,16.54,0.0
19552,2026-01-26 15:00:00,28.0,75.0,0.0,3.0,nasa_power,16.54,0.0
19553,2026-01-26 16:00:00,28.0,75.0,0.0,3.0,nasa_power,16.54,0.0
19554,2026-01-26 17:00:00,28.0,75.0,0.0,3.0,nasa_power,16.54,0.0
19555,2026-01-26 18:00:00,28.0,75.0,0.0,3.0,nasa_power,16.54,0.0
19556,2026-01-26 19:00:00,28.0,75.0,0.0,3.0,nasa_power,16.54,0.0
19557,2026-01-26 20:00:00,28.0,75.0,0.0,3.0,nasa_power,16.54,0.0
19558,2026-01-26 21:00:00,28.0,75.0,0.0,3.0,nasa_power,16.54,0.0
19559,2026-01-26 22:00:00,28.0,75.0,0.0,3.0,nasa_power,16.54,0.0
19560,2026-01-26 23:00:00,28.0,75.0,0.0,3.0,nasa_power,16.54,0.0
19561,2026-01-27 00:00:00,28.0,75.0,0.0,3.0,nasa_power,16.54,0.0
19562,2026-01-27 01:00:00,28.0,75.0,0.0,3.0,nasa_power,16.54,0.0
19563,2026-01-27 02:00:00,28.0,75.0,0.0,3.0,nasa_power,16.54,0.0
19564,2026-01-27 03:00:00,28.0,75.0,0.0,3.0,nasa_power,16.54,0.0
19565,2026-01-27 04:00:00,28.0,75.0,0.0,3.0,nasa_power,16.54,0.0
19566,2026-01-27 05:00:00,28.0,75.0,0.0,3.0,nasa_power,16.54,0.0
19567,2026-01-27 06:00:00,28.0,75.0,0.0,3.0,nasa_power,16.54,0.0
19568,2026-01-27 07:00:00,28.0,75.0,0.0,3.0,nasa_power,16.54,0.0
19569,2026-01-27 08:00:00,28.0,75.0,0.0,3.0,nasa_power,16.54,0.0
19570,2026-01-27 09:00:00,28.0,75.0,0.0,3.0,nasa_power,16.54,0.0
19571,2026-01-27 10:00:00,28.0,75.0,0.0,3.0,nasa_power,16.54,0.0
19572,2026-01-27 11:00:00,28.0,75.0,0.0,3.0,nasa_power,16.54,0.0
19573,2026-01-27 12:00:00,28.0,75.0,0.0,3.0,nasa_power,16.54,0.0
19574,2026-01-27 13:00:00,28.0,75.0,0.0,3.0,nasa_power,16.54,0.0
19575,2026-01-27 14:00:00,28.0,75.0,0.0,3.0,nasa_power,16.54,0.0
19576,2026-01-27 15:00:00,28.0,75.0,0.0,3.0,nasa_power,16.54,0.0
19577,2026-01-27 16:00:00,28.0,75.0,0.0,3.0,nasa_power,16.54,0.0
19578,2026-01-27 17:00:00,28.0,75.0,0.0,3.0,nasa_power,16.54,0.0
19579,2026-01-27 18:00:00,28.0,75.0,0.0,3.0,nasa_power,16.54,0.0
19580,2026-01-27 19:00:00,28.0,75.0,0.0,3.0,nasa_power,16.54,0.0
19581,2026-01-27 20:00:00,28.0,75.0,0.0,3.0,nasa_power,16.54,0.0
19582,2026-01-27 21:00:00,28.0,75.0,0.0,3.0,nasa_power,16.54,0.0
19583,2026-01-27 22:00:00,28.0,75.0,0.0,3.0,nasa_power,16.54,0.0
19584,2026-01-27 23:00:00,28.0,75.0,0.0,3.0,nasa_power,16.54,0.0
19585,2026-01-28 00:00:00,28.0,75.0,0.0,3.0,nasa_power,16.54,0.0
19586,2026-01-28 01:00:00,28.0,75.0,0.0,3.0,nasa_power,16.54,0.0
19587,2026-01-28 02:00:00,28.0,75.0,0.0,3.0,nasa_power,16.54,0.0
19588,2026-01-28 03:00:00,28.0,75.0,0.0,3.0,nasa_power,16.54,0.0
19589,2026-01-28 04:00:00,28.0,75.0,0.0,3.0,nasa_power,16.54,0.0
19590,2026-01-28 05:00:00,28.0,75.0,0.0,3.0,nasa_power,16.54,0.0
19591,2026-01-28 06:00:00,28.0,75.0,0.0,3.0,nasa_power,16.54,0.0
19592,2026-01-28 07:00:00,28.0,75.0,0.0,3.0,nasa_power,16.54,0.0
19593,2026-01-28 08:00:00,28.0,75.0,0.0,3.0,nasa_power,16.54,0.0
19594,2026-01-28 09:00:00,28.0,75.0,0.0,3.0,nasa_power,16.54,0.0
19595,2026-01-28 10:00:00,28.0,75.0,0.0,3.0,nasa_power,16.54,0.0
19596,2026-01-28 11:00:00,28.0,75.0,0.0,3.0,nasa_power,16.54,0.0
19597,2026-01-28 12:00:00,28.0,75.0,0.0,3.0,nasa_power,16.54,0.0
19598,2026-01-28 13:00:00,28.0,75.0,0.0,3.0,nasa_power,16.54,0.0
19599,2026-01-28 14:00:00,28.0,75.0,0.0,3.0,nasa_power,16.54,0.0
19600,2026-01-28 15:00:00,28.0,75.0,0.0,3.0,nasa_power,16.54,0.0
19601,2026-01-28 16:00:00,28.0,75.0,0.0,3.0,nasa_power,16.54,0.0
19602,2026-01-28 17:00:00,28.0,75.0,0.0,3.0,nasa_power,16.54,0.0
19603,2026-01-28 18:00:00,28.0,75.0,0.0,3.0,nasa_power,16.54,0.0
19604,2026-01-28 19:00:00,28.0,75.0,0.0,3.0,nasa_power,16.54,0.0
19605,2026-01-28 20:00:00,28.0,75.0,0.0,3.0,nasa_power,16.54,0.0
19606,2026-01-28 21:00:00,28.0,75.0,0.0,3.0,nasa_power,16.54,0.0
19607,2026-01-28 22:00:00,28.0,75.0,0.0,3.0,nasa_power,16.54,0.0
19608,2026-01-28 23:00:00,28.0,75.0,0.0,3.0,nasa_power,16.54,0.0
19609,2026-01-29 00:00:00,28.0,75.0,0.0,3.0,nasa_power,16.54,0.0
19610,2026-01-29 01:00:00,28.0,75.0,0.0,3.0,nasa_power,16.54,0.0
19611,2026-01-29 02:00:00,28.0,75.0,0.0,3.0,nasa_power,16.54,0.0
19612,2026-01-29 03:00:00,28.0,75.0,0.0,3.0,nasa_power,16.54,0.0
19613,2026-01-29 04:00:00,28.0,75.0,0.0,3.0,nasa_power,16.54,0.0
19614,2026-01-29 05:00:00,28.0,75.0,0.0,3.0,nasa_power,16.54,0.0
19615,2026-01-29 06:00:00,28.0,75.0,0.0,3.0,nasa_power,16.54,0.0
19616,2026-01-29 07:00:00,28.0,75.0,0.0,3.0,nasa_power,16.54,0.0
19617,2026-01-29 08:00:00,28.0,75.0,0.0,3.0,nasa_power,16.54,0.0
19618,2026-01-29 09:00:00,28.0,75.0,0.0,3.0,nasa_power,16.54,0.0
19619,2026-01-29 10:00:00,28.0,75.0,0.0,3.0,nasa_power,16.54,0.0
19620,2026-01-29 11:00:00,28.0,75.0,0.0,3.0,nasa_power,16.54,0.0
19621,2026-01-29 12:00:00,28.0,75.0,0.0,3.0,nasa_power,16.54,0.0
19622,2026-01-29 13:00:00,28.0,75.0,0.0,3.0,nasa_power,16.54,0.0
19623,2026-01-29 14:00:00,28.0,75.0,0.0,3.0,nasa_power,16.54,0.0
19624,2026-01-29 15:00:00,28.0,75.0,0.0,3.0,nasa_power,16.54,0.0
19625,2026-01-29 16:00:00,28.0,75.0,0.0,3.0,nasa_power,16.54,0.0
19626,2026-01-29 17:00:00,28.0,75.0,0.0,3.0,nasa_power,16.54,0.0
19627,2026-01-29 18:00:00,28.0,75.0,0.0,3.0,nasa_power,16.54,0.0
19628,2026-01-29 19:00:00,28.0,75.0,0.0,3.0,nasa_power,16.54,0.0
19629,2026-01-29 20:00:00,28.0,75.0,0.0,3.0,nasa_power,16.54,0.0
19630,2026-01-29 21:00:00,28.0,75.0,0.0,3.0,nasa_power,16.54,0.0
19631,2026-01-29 22:00:00,28.0,75.0,0.0,3.0,nasa_power,16.54,0.0
19632,2026-01-29 23:00:00,28.0,75.0,0.0,3.0,nasa_power,16.54,0.0
19633,2026-01-30 00:00:00,28.0,75.0,0.0,3.0,nasa_power,16.54,0.0
19634,2026-01-30 01:00:00,28.0,75.0,0.0,3.0,nasa_power,16.54,0.0
19635,2026-01-30 02:00:00,28.0,75.0,0.0,3.0,nasa_power,16.54,0.0
19636,2026-01-30 03:00:00,28.0,75.0,0.0,3.0,nasa_power,16.54,0.0
19637,2026-01-30 04:00:00,28.0,75.0,0.0,3.0,nasa_power,16.54,0.0
19638,2026-01-30 05:00:00,28.0,75.0,0.0,3.0,nasa_power,16.54,0.0
19639,2026-01-30 06:00:00,28.0,75.0,0.0,3.0,nasa_power,16.54,0.0
19640,2026-01-30 07:00:00,28.0,75.0,0.0,3.0,nasa_power,16.54,0.0
19641,2026-01-30 08:00:00,28.0,75.0,0.0,3.0,nasa_power,16.54,0.0
19642,2026-01-30 09:00:00,28.0,75.0,0.0,3.0,nasa_power,16.54,0.0
19643,2026-01-30 10:00:00,28.0,75.0,0.0,3.0,nasa_power,16.54,0.0
19644,2026-01-30 11:00:00,28.0,75.0,0.0,3.0,nasa_power,16.54,0.0
19645,2026-01-30 12:00:00,28.0,75.0,0.0,3.0,nasa_power,16.54,0.0
19646,2026-01-30 13:00:00,28.0,75.0,0.0,3.0,nasa_power,16.54,0.0
19647,2026-01-30 14:00:00,28.0,75.0,0.0,3.0,nasa_power,16.54,0.0
19648,2026-01-30 15:00:00,28.0,75.0,0.0,3.0,nasa_power,16.54,0.0
19649,2026-01-30 16:00:00,28.0,75.0,0.0,3.0,nasa_power,16.54,0.0
19650,2026-01-30 17:00:00,28.0,75.0,0.0,3.0,nasa_power,16.54,0.0
19651,2026-01-30 18:00:00,28.0,75.0,0.0,3.0,nasa_power,16.54,0.0
19652,2026-01-30 19:00:00,28.0,75.0,0.0,3.0,nasa_power,16.54,0.0
19653,2026-01-30 20:00:00,28.0,75.0,0.0,3.0,nasa_power,16.54,0.0
19654,2026-01-30 21:00:00,28.0,75.0,0.0,3.0,nasa_power,16.54,0.0
19655,2026-01-30 22:00:00,28.0,75.0,0.0,3.0,nasa_power,16.54,0.0
19656,2026-01-30 23:00:00,28.0,75.0,0.0,3.0,nasa_power,16.54,0.0
19657,2026-01-31 00:00:00,28.0,75.0,0.0,3.0,nasa_power,16.54,0.0
19658,2026-01-31 01:00:00,28.0,75.0,0.0,3.0,nasa_power,16.54,0.0
19659,2026-01-31 02:00:00,28.0,75.0,0.0,3.0,nasa_power,16.54,0.0
19660,2026-01-31 03:00:00,28.0,75.0,0.0,3.0,nasa_power,16.54,0.0
19661,2026-01-31 04:00:00,28.0,75.0,0.0,3.0,nasa_power,16.54,0.0
19662,2026-01-31 05:00:00,28.0,75.0,0.0,3.0,nasa_power,16.54,0.0
19663,2026-01-31 06:00:00,28.0,75.0,0.0,3.0,nasa_power,16.54,0.0
19664,2026-01-31 07:00:00,28.0,75.0,0.0,3.0,nasa_power,16.54,0.0
19665,2026-01-31 08:00:00,28.0,75.0,0.0,3.0,nasa_power,16.54,0.0
19666,2026-01-31 09:00:00,28.0,75.0,0.0,3.0,nasa_power,16.54,0.0
19667,2026-01-31 10:00:00,28.0,75.0,0.0,3.0,nasa_power,16.54,0.0
19668,2026-01-31 11:00:00,28.0,75.0,0.0,3.0,nasa_power,16.54,0.0
19669,2026-01-31 12:00:00,28.0,75.0,0.0,3.0,nasa_power,16.54,0.0
19670,2026-01-31 13:00:00,28.0,75.0,0.0,3.0,nasa_power,16.54,0.0
19671,2026-01-31 14:00:00,28.0,75.0,0.0,3.0,nasa_power,16.54,0.0
19672,2026-01-31 15:00:00,28.0,75.0,0.0,3.0,nasa_power,16.54,0.0
19673,2026-01-31 16:00:00,28.0,75.0,0.0,3.0,nasa_power,16.54,0.0
19674,2026-01-31 17:00:00,28.0,75.0,0.0,3.0,nasa_power,16.54,0.0
19675,2026-01-31 18:00:00,28.0,75.0,0.0,3.0,nasa_power,16.54,0.0
19676,2026-01-31 19:00:00,28.0,75.0,0.0,3.0,nasa_power,16.54,0.0
19677,2026-01-31 20:00:00,28.0,75.0,0.0,3.0,nasa_power,16.54,0.0
19678,2026-01-31 21:00:00,28.0,75.0,0.0,3.0,nasa_power,16.54,0.0
19679,2026-01-31 22:00:00,28.0,75.0,0.0,3.0,nasa_power,16.54,0.0
19680,2026-01-31 23:00:00,28.0,75.0,0.0,3.0,nasa_power,16.54,0.0
