id,timestamp,temperature,humidity,irradiance,wind_speed,source,wind_power_density,solar_energy_yield
4346,2025-08-31 23:00:00,28.93,84.17,0.0,3.3,nasa_power,22.01,0.00
4347,2025-08-31 22:00:00,27.67,75.33,0.0,1.5,nasa_power,2.07,0.00
4348,2025-08-31 21:00:00,28.2,75.5,0.0,1.6,nasa_power,2.51,0.00
4349,2025-08-31 20:00:00,28.73,75.67,0.0,1.7,nasa_power,3.01,0.00
4350,2025-08-31 19:00:00,28.67,72.83,0.0,1.5,nasa_power,2.07,0.00
4351,2025-08-31 18:00:00,30.0,77.0,0.37,2.0,nasa_power,4.90,0.00
4352,2025-08-31 17:00:00,29.33,71.17,0.53,2.5,nasa_power,9.57,0.00
4353,2025-08-31 16:00:00,30.47,74.33,1.11,1.9,nasa_power,4.20,0.00
4354,2025-08-31 15:00:00,30.4,71.5,1.85,1.7,nasa_power,3.01,0.01
4355,2025-08-31 14:00:00,31.33,73.67,2.28,2.0,nasa_power,4.90,0.01
4356,2025-08-31 13:00:00,31.67,72.83,3.03,3.0,nasa_power,16.54,0.01
4357,2025-08-31 12:00:00,32.4,74.0,3.29,2.2,nasa_power,6.52,0.01
4358,2025-08-31 11:00:00,32.27,75.83,3.03,3.3,nasa_power,22.01,0.01
4359,2025-08-31 10:00:00,30.93,71.67,2.12,1.8,nasa_power,3.57,0.01
4360,2025-08-31 09:00:00,31.8,78.5,1.58,2.4,nasa_power,8.47,0.01
4361,2025-08-31 08:00:00,31.27,78.33,1.1,3.3,nasa_power,22.01,0.00
4362,2025-08-31 07:00:00,30.93,79.17,0.53,3.3,nasa_power,22.01,0.00
4363,2025-08-31 06:00:00,29.8,76.0,0.37,2.9,nasa_power,14.94,0.00
4364,2025-08-31 05:00:00,28.87,73.83,0.0,1.6,nasa_power,2.51,0.00
4365,2025-08-31 04:00:00,28.53,74.67,0.0,2.6,nasa_power,10.77,0.00
4366,2025-08-31 03:00:00,29.2,80.5,0.0,2.1,nasa_power,5.67,0.00
4367,2025-08-31 02:00:00,28.47,79.33,0.0,2.9,nasa_power,14.94,0.00
4368,2025-08-31 01:00:00,27.53,77.17,0.0,2.6,nasa_power,10.77,0.00
4369,2025-08-31 00:00:00,27.0,77.0,0.0,2.5,nasa_power,9.57,0.00
4370,2025-08-30 23:00:00,28.33,81.17,0.0,2.0,nasa_power,4.90,0.00
4371,2025-08-30 22:00:00,28.47,79.33,0.0,2.9,nasa_power,14.94,0.00
4372,2025-08-30 21:00:00,29.4,81.5,0.0,3.2,nasa_power,20.07,0.00
4373,2025-08-30 20:00:00,28.73,75.67,0.0,2.7,nasa_power,12.06,0.00
4374,2025-08-30 19:00:00,28.67,72.83,0.0,2.5,nasa_power,9.57,0.00
4375,2025-08-30 18:00:00,30.8,81.0,0.52,3.4,nasa_power,24.07,0.00
4376,2025-08-30 17:00:00,30.53,77.17,0.74,3.1,nasa_power,18.25,0.00
4377,2025-08-30 16:00:00,29.67,70.33,1.54,2.5,nasa_power,9.57,0.01
4378,2025-08-30 15:00:00,30.2,70.5,2.58,2.6,nasa_power,10.77,0.01
4379,2025-08-30 14:00:00,31.33,73.67,3.18,2.0,nasa_power,4.90,0.01
4380,2025-08-30 13:00:00,32.07,74.83,4.21,3.2,nasa_power,20.07,0.02
4381,2025-08-30 12:00:00,32.2,73.0,4.58,2.1,nasa_power,5.67,0.02
4382,2025-08-30 11:00:00,31.07,69.83,4.21,1.7,nasa_power,3.01,0.02
4383,2025-08-30 10:00:00,30.73,70.67,2.96,2.7,nasa_power,12.06,0.01
4384,2025-08-30 09:00:00,31.6,77.5,2.19,2.3,nasa_power,7.45,0.01
4385,2025-08-30 08:00:00,30.87,76.33,1.53,3.1,nasa_power,18.25,0.01
4386,2025-08-30 07:00:00,29.93,74.17,0.74,2.8,nasa_power,13.45,0.00
4387,2025-08-30 06:00:00,29.8,76.0,0.52,1.9,nasa_power,4.20,0.00
4388,2025-08-30 05:00:00,28.87,73.83,0.0,1.6,nasa_power,2.51,0.00
4389,2025-08-30 04:00:00,29.53,79.67,0.0,3.1,nasa_power,18.25,0.00
4390,2025-08-30 03:00:00,28.0,74.5,0.0,1.5,nasa_power,2.07,0.00
4391,2025-08-30 02:00:00,28.27,78.33,0.0,1.8,nasa_power,3.57,0.00
4392,2025-08-30 01:00:00,27.33,76.17,0.0,1.5,nasa_power,2.07,0.00
4393,2025-08-30 00:00:00,28.6,85.0,0.0,3.3,nasa_power,22.01,0.00
4394,2025-08-29 23:00:00,28.33,81.17,0.0,2.0,nasa_power,4.90,0.00
4395,2025-08-29 22:00:00,28.67,80.33,0.0,3.0,nasa_power,16.54,0.00
4396,2025-08-29 21:00:00,29.2,80.5,0.0,3.1,nasa_power,18.25,0.00
4397,2025-08-29 20:00:00,29.53,79.67,0.0,3.1,nasa_power,18.25,0.00
4398,2025-08-29 19:00:00,29.07,74.83,0.0,2.7,nasa_power,12.06,0.00
4399,2025-08-29 18:00:00,29.0,72.0,0.38,2.5,nasa_power,9.57,0.00
4400,2025-08-29 17:00:00,30.13,75.17,0.54,1.9,nasa_power,4.20,0.00
4401,2025-08-29 16:00:00,31.27,78.33,1.14,3.3,nasa_power,22.01,0.01
4402,2025-08-29 15:00:00,30.2,70.5,1.9,1.6,nasa_power,2.51,0.01
4403,2025-08-29 14:00:00,32.13,77.67,2.34,2.4,nasa_power,8.47,0.01
4404,2025-08-29 13:00:00,30.67,67.83,3.1,2.5,nasa_power,9.57,0.01
4405,2025-08-29 12:00:00,31.8,71.0,3.37,2.9,nasa_power,14.94,0.01
4406,2025-08-29 11:00:00,31.87,73.83,3.1,3.1,nasa_power,18.25,0.01
4407,2025-08-29 10:00:00,31.93,76.67,2.18,2.3,nasa_power,7.45,0.01
4408,2025-08-29 09:00:00,30.4,71.5,1.62,2.7,nasa_power,12.06,0.01
4409,2025-08-29 08:00:00,30.27,73.33,1.12,1.8,nasa_power,3.57,0.00
4410,2025-08-29 07:00:00,29.53,72.17,0.54,2.6,nasa_power,10.77,0.00
4411,2025-08-29 06:00:00,29.4,74.0,0.38,2.7,nasa_power,12.06,0.00
4412,2025-08-29 05:00:00,28.67,72.83,0.0,2.5,nasa_power,9.57,0.00
4413,2025-08-29 04:00:00,29.93,81.67,0.0,3.3,nasa_power,22.01,0.00
4414,2025-08-29 03:00:00,29.6,82.5,0.0,2.3,nasa_power,7.45,0.00
4415,2025-08-29 02:00:00,28.87,81.33,0.0,3.1,nasa_power,18.25,0.00
4416,2025-08-29 01:00:00,28.93,84.17,0.0,3.3,nasa_power,22.01,0.00
4417,2025-08-29 00:00:00,27.0,77.0,0.0,1.5,nasa_power,2.07,0.00
4418,2025-08-28 23:00:00,28.73,83.17,0.0,3.2,nasa_power,20.07,0.00
4419,2025-08-28 22:00:00,28.47,79.33,0.0,2.9,nasa_power,14.94,0.00
4420,2025-08-28 21:00:00,29.0,79.5,0.0,3.0,nasa_power,16.54,0.00
4421,2025-08-28 20:00:00,28.33,73.67,0.0,2.5,nasa_power,9.57,0.00
4422,2025-08-28 19:00:00,29.87,78.83,0.0,3.1,nasa_power,18.25,0.00
4423,2025-08-28 18:00:00,30.4,79.0,0.5,2.2,nasa_power,6.52,0.00
4424,2025-08-28 17:00:00,30.93,79.17,0.71,3.3,nasa_power,22.01,0.00
4425,2025-08-28 16:00:00,30.67,75.33,1.48,3.0,nasa_power,16.54,0.01
4426,2025-08-28 15:00:00,31.2,75.5,2.48,2.1,nasa_power,5.67,0.01
4427,2025-08-28 14:00:00,31.93,76.67,3.06,2.3,nasa_power,7.45,0.01
4428,2025-08-28 13:00:00,31.87,73.83,4.05,3.1,nasa_power,18.25,0.02
4429,2025-08-28 12:00:00,31.8,71.0,4.4,2.9,nasa_power,14.94,0.02
4430,2025-08-28 11:00:00,30.67,67.83,4.05,2.5,nasa_power,9.57,0.02
4431,2025-08-28 10:00:00,30.73,70.67,2.84,2.7,nasa_power,12.06,0.01
4432,2025-08-28 09:00:00,30.2,70.5,2.11,1.6,nasa_power,2.51,0.01
4433,2025-08-28 08:00:00,30.67,75.33,1.47,3.0,nasa_power,16.54,0.01
4434,2025-08-28 07:00:00,29.93,74.17,0.71,1.8,nasa_power,3.57,0.00
4435,2025-08-28 06:00:00,29.2,73.0,0.5,2.6,nasa_power,10.77,0.00
4436,2025-08-28 05:00:00,28.67,72.83,0.0,1.5,nasa_power,2.07,0.00
4437,2025-08-28 04:00:00,30.13,82.67,0.0,2.4,nasa_power,8.47,0.00
4438,2025-08-28 03:00:00,29.6,82.5,0.0,3.3,nasa_power,22.01,0.00
4439,2025-08-28 02:00:00,28.27,78.33,0.0,1.8,nasa_power,3.57,0.00
4440,2025-08-28 01:00:00,28.53,82.17,0.0,2.1,nasa_power,5.67,0.00
4441,2025-08-28 00:00:00,27.2,78.0,0.0,1.6,nasa_power,2.51,0.00
4442,2025-08-27 23:00:00,28.33,81.17,0.0,3.0,nasa_power,16.54,0.00
4443,2025-08-27 22:00:00,27.87,76.33,0.0,1.6,nasa_power,2.51,0.00
4444,2025-08-27 21:00:00,29.6,82.5,0.0,3.3,nasa_power,22.01,0.00
4445,2025-08-27 20:00:00,29.93,81.67,0.0,3.3,nasa_power,22.01,0.00
4446,2025-08-27 19:00:00,30.07,79.83,0.0,2.2,nasa_power,6.52,0.00
4447,2025-08-27 18:00:00,30.4,79.0,0.5,3.2,nasa_power,20.07,0.00
4448,2025-08-27 17:00:00,30.13,75.17,0.72,2.9,nasa_power,14.94,0.00
4449,2025-08-27 16:00:00,30.07,72.33,1.5,1.7,nasa_power,3.01,0.01
4450,2025-08-27 15:00:00,31.4,76.5,2.5,2.2,nasa_power,6.52,0.01
4451,2025-08-27 14:00:00,30.93,71.67,3.08,1.8,nasa_power,3.57,0.01
4452,2025-08-27 13:00:00,31.27,70.83,4.09,1.8,nasa_power,3.57,0.02
4453,2025-08-27 12:00:00,31.8,71.0,4.44,2.9,nasa_power,14.94,0.02
4454,2025-08-27 11:00:00,32.07,74.83,4.09,2.2,nasa_power,6.52,0.02
4455,2025-08-27 10:00:00,31.13,72.67,2.87,1.9,nasa_power,4.20,0.01
4456,2025-08-27 09:00:00,31.4,76.5,2.13,2.2,nasa_power,6.52,0.01
4457,2025-08-27 08:00:00,30.67,75.33,1.48,2.0,nasa_power,4.90,0.01
4458,2025-08-27 07:00:00,29.93,74.17,0.72,1.8,nasa_power,3.57,0.00
4459,2025-08-27 06:00:00,29.2,73.0,0.5,2.6,nasa_power,10.77,0.00
4460,2025-08-27 05:00:00,30.27,80.83,0.0,2.3,nasa_power,7.45,0.00
4461,2025-08-27 04:00:00,29.53,79.67,0.0,2.1,nasa_power,5.67,0.00
4462,2025-08-27 03:00:00,29.4,81.5,0.0,3.2,nasa_power,20.07,0.00
4463,2025-08-27 02:00:00,29.27,83.33,0.0,3.3,nasa_power,22.01,0.00
4464,2025-08-27 01:00:00,28.33,81.17,0.0,3.0,nasa_power,16.54,0.00
4465,2025-08-27 00:00:00,28.8,86.0,0.0,2.4,nasa_power,8.47,0.00
4466,2025-08-26 23:00:00,27.73,78.17,0.0,1.7,nasa_power,3.01,0.00
4467,2025-08-26 22:00:00,29.07,82.33,0.0,3.2,nasa_power,20.07,0.00
4468,2025-08-26 21:00:00,28.4,76.5,0.0,1.7,nasa_power,3.01,0.00
4469,2025-08-26 20:00:00,28.53,74.67,0.0,2.6,nasa_power,10.77,0.00
4470,2025-08-26 19:00:00,29.07,74.83,0.0,2.7,nasa_power,12.06,0.00
4471,2025-08-26 18:00:00,30.6,80.0,0.34,2.3,nasa_power,7.45,0.00
4472,2025-08-26 17:00:00,31.13,80.17,0.48,3.4,nasa_power,24.07,0.00
4473,2025-08-26 16:00:00,30.27,73.33,1.0,1.8,nasa_power,3.57,0.00
4474,2025-08-26 15:00:00,30.6,72.5,1.67,1.8,nasa_power,3.57,0.01
4475,2025-08-26 14:00:00,31.33,73.67,2.07,3.0,nasa_power,16.54,0.01
4476,2025-08-26 13:00:00,32.07,74.83,2.74,2.2,nasa_power,6.52,0.01
4477,2025-08-26 12:00:00,32.8,76.0,2.97,3.4,nasa_power,24.07,0.01
4478,2025-08-26 11:00:00,31.07,69.83,2.74,1.7,nasa_power,3.01,0.01
4479,2025-08-26 10:00:00,30.33,68.67,1.92,2.5,nasa_power,9.57,0.01
4480,2025-08-26 09:00:00,31.4,76.5,1.43,2.2,nasa_power,6.52,0.01
4481,2025-08-26 08:00:00,30.27,73.33,0.99,2.8,nasa_power,13.45,0.00
4482,2025-08-26 07:00:00,31.13,80.17,0.48,2.4,nasa_power,8.47,0.00
4483,2025-08-26 06:00:00,29.8,76.0,0.34,1.9,nasa_power,4.20,0.00
4484,2025-08-26 05:00:00,30.47,81.83,0.0,2.4,nasa_power,8.47,0.00
4485,2025-08-26 04:00:00,28.33,73.67,0.0,2.5,nasa_power,9.57,0.00
4486,2025-08-26 03:00:00,28.6,77.5,0.0,1.8,nasa_power,3.57,0.00
4487,2025-08-26 02:00:00,27.67,75.33,0.0,1.5,nasa_power,2.07,0.00
4488,2025-08-26 01:00:00,27.53,77.17,0.0,2.6,nasa_power,10.77,0.00
4489,2025-08-26 00:00:00,27.8,81.0,0.0,1.9,nasa_power,4.20,0.00
4490,2025-08-25 23:00:00,29.13,85.17,0.0,2.4,nasa_power,8.47,0.00
4491,2025-08-25 22:00:00,29.27,83.33,0.0,2.3,nasa_power,7.45,0.00
4492,2025-08-25 21:00:00,29.8,83.5,0.0,2.4,nasa_power,8.47,0.00
4493,2025-08-25 20:00:00,29.53,79.67,0.0,2.1,nasa_power,5.67,0.00
4494,2025-08-25 19:00:00,30.27,80.83,0.0,2.3,nasa_power,7.45,0.00
4495,2025-08-25 18:00:00,29.6,75.0,0.53,2.8,nasa_power,13.45,0.00
4496,2025-08-25 17:00:00,29.93,74.17,0.75,1.8,nasa_power,3.57,0.00
4497,2025-08-25 16:00:00,29.67,70.33,1.57,2.5,nasa_power,9.57,0.01
4498,2025-08-25 15:00:00,30.8,73.5,2.62,1.9,nasa_power,4.20,0.01
4499,2025-08-25 14:00:00,31.53,74.67,3.24,3.1,nasa_power,18.25,0.01
4500,2025-08-25 13:00:00,30.67,67.83,4.29,1.5,nasa_power,2.07,0.02
4501,2025-08-25 12:00:00,31.4,69.0,4.66,2.7,nasa_power,12.06,0.02
4502,2025-08-25 11:00:00,31.87,73.83,4.29,3.1,nasa_power,18.25,0.02
4503,2025-08-25 10:00:00,30.53,69.67,3.01,1.6,nasa_power,2.51,0.01
4504,2025-08-25 09:00:00,30.4,71.5,2.23,1.7,nasa_power,3.01,0.01
4505,2025-08-25 08:00:00,30.47,74.33,1.55,2.9,nasa_power,14.94,0.01
4506,2025-08-25 07:00:00,30.73,78.17,0.75,2.2,nasa_power,6.52,0.00
4507,2025-08-25 06:00:00,29.8,76.0,0.53,2.9,nasa_power,14.94,0.00
4508,2025-08-25 05:00:00,29.27,75.83,0.0,2.8,nasa_power,13.45,0.00
4509,2025-08-25 04:00:00,29.53,79.67,0.0,2.1,nasa_power,5.67,0.00
4510,2025-08-25 03:00:00,29.6,82.5,0.0,2.3,nasa_power,7.45,0.00
4511,2025-08-25 02:00:00,28.67,80.33,0.0,2.0,nasa_power,4.90,0.00
4512,2025-08-25 01:00:00,28.53,82.17,0.0,3.1,nasa_power,18.25,0.00
4513,2025-08-25 00:00:00,28.6,85.0,0.0,3.3,nasa_power,22.01,0.00
4514,2025-08-24 23:00:00,27.53,77.17,0.0,1.6,nasa_power,2.51,0.00
4515,2025-08-24 22:00:00,28.67,80.33,0.0,3.0,nasa_power,16.54,0.00
4516,2025-08-24 21:00:00,28.6,77.5,0.0,2.8,nasa_power,13.45,0.00
4517,2025-08-24 20:00:00,29.13,77.67,0.0,1.9,nasa_power,4.20,0.00
4518,2025-08-24 19:00:00,30.47,81.83,0.0,3.4,nasa_power,24.07,0.00
4519,2025-08-24 18:00:00,30.0,77.0,0.58,3.0,nasa_power,16.54,0.00
4520,2025-08-24 17:00:00,30.33,76.17,0.82,2.0,nasa_power,4.90,0.00
4521,2025-08-24 16:00:00,29.67,70.33,1.71,2.5,nasa_power,9.57,0.01
4522,2025-08-24 15:00:00,31.2,75.5,2.85,2.1,nasa_power,5.67,0.01
4523,2025-08-24 14:00:00,32.13,77.67,3.52,2.4,nasa_power,8.47,0.01
4524,2025-08-24 13:00:00,30.87,68.83,4.67,1.6,nasa_power,2.51,0.02
4525,2025-08-24 12:00:00,31.2,68.0,5.08,2.6,nasa_power,10.77,0.02
4526,2025-08-24 11:00:00,32.07,74.83,4.67,2.2,nasa_power,6.52,0.02
4527,2025-08-24 10:00:00,31.13,72.67,3.28,2.9,nasa_power,14.94,0.01
4528,2025-08-24 09:00:00,30.4,71.5,2.43,2.7,nasa_power,12.06,0.01
4529,2025-08-24 08:00:00,31.27,78.33,1.69,3.3,nasa_power,22.01,0.01
4530,2025-08-24 07:00:00,30.53,77.17,0.82,3.1,nasa_power,18.25,0.00
4531,2025-08-24 06:00:00,29.2,73.0,0.58,2.6,nasa_power,10.77,0.00
4532,2025-08-24 05:00:00,29.27,75.83,0.0,1.8,nasa_power,3.57,0.00
4533,2025-08-24 04:00:00,29.93,81.67,0.0,3.3,nasa_power,22.01,0.00
4534,2025-08-24 03:00:00,29.8,83.5,0.0,3.4,nasa_power,24.07,0.00
4535,2025-08-24 02:00:00,28.27,78.33,0.0,1.8,nasa_power,3.57,0.00
4536,2025-08-24 01:00:00,27.33,76.17,0.0,2.5,nasa_power,9.57,0.00
4537,2025-08-24 00:00:00,27.0,77.0,0.0,2.5,nasa_power,9.57,0.00
4538,2025-08-23 23:00:00,28.93,84.17,0.0,2.3,nasa_power,7.45,0.00
4539,2025-08-23 22:00:00,27.87,76.33,0.0,1.6,nasa_power,2.51,0.00
4540,2025-08-23 21:00:00,29.2,80.5,0.0,3.1,nasa_power,18.25,0.00
4541,2025-08-23 20:00:00,28.73,75.67,0.0,1.7,nasa_power,3.01,0.00
4542,2025-08-23 19:00:00,29.47,76.83,0.0,1.9,nasa_power,4.20,0.00
4543,2025-08-23 18:00:00,29.8,76.0,0.41,1.9,nasa_power,4.20,0.00
4544,2025-08-23 17:00:00,29.73,73.17,0.59,2.7,nasa_power,12.06,0.00
4545,2025-08-23 16:00:00,31.27,78.33,1.23,3.3,nasa_power,22.01,0.01
4546,2025-08-23 15:00:00,31.2,75.5,2.05,2.1,nasa_power,5.67,0.01
4547,2025-08-23 14:00:00,30.93,71.67,2.53,1.8,nasa_power,3.57,0.01
4548,2025-08-23 13:00:00,32.47,76.83,3.35,3.4,nasa_power,24.07,0.01
4549,2025-08-23 12:00:00,32.0,72.0,3.64,3.0,nasa_power,16.54,0.02
4550,2025-08-23 11:00:00,31.07,69.83,3.35,2.7,nasa_power,12.06,0.01
4551,2025-08-23 10:00:00,30.93,71.67,2.35,2.8,nasa_power,13.45,0.01
4552,2025-08-23 09:00:00,30.4,71.5,1.74,1.7,nasa_power,3.01,0.01
4553,2025-08-23 08:00:00,31.07,77.33,1.21,2.2,nasa_power,6.52,0.01
4554,2025-08-23 07:00:00,29.93,74.17,0.59,2.8,nasa_power,13.45,0.00
4555,2025-08-23 06:00:00,29.0,72.0,0.41,2.5,nasa_power,9.57,0.00
4556,2025-08-23 05:00:00,29.27,75.83,0.0,1.8,nasa_power,3.57,0.00
4557,2025-08-23 04:00:00,29.73,80.67,0.0,2.2,nasa_power,6.52,0.00
4558,2025-08-23 03:00:00,29.0,79.5,0.0,2.0,nasa_power,4.90,0.00
4559,2025-08-23 02:00:00,27.67,75.33,0.0,1.5,nasa_power,2.07,0.00
4560,2025-08-23 01:00:00,27.73,78.17,0.0,2.7,nasa_power,12.06,0.00
4561,2025-08-23 00:00:00,28.0,82.0,0.0,2.0,nasa_power,4.90,0.00
4562,2025-08-22 23:00:00,28.13,80.17,0.0,1.9,nasa_power,4.20,0.00
4563,2025-08-22 22:00:00,28.47,79.33,0.0,2.9,nasa_power,14.94,0.00
4564,2025-08-22 21:00:00,28.6,77.5,0.0,1.8,nasa_power,3.57,0.00
4565,2025-08-22 20:00:00,28.93,76.67,0.0,1.8,nasa_power,3.57,0.00
4566,2025-08-22 19:00:00,30.27,80.83,0.0,3.3,nasa_power,22.01,0.00
4567,2025-08-22 18:00:00,30.6,80.0,0.15,3.3,nasa_power,22.01,0.00
4568,2025-08-22 17:00:00,29.73,73.17,0.21,1.7,nasa_power,3.01,0.00
4569,2025-08-22 16:00:00,31.47,79.33,0.43,2.4,nasa_power,8.47,0.00
4570,2025-08-22 15:00:00,30.2,70.5,0.73,2.6,nasa_power,10.77,0.00
4571,2025-08-22 14:00:00,31.73,75.67,0.9,3.2,nasa_power,20.07,0.00
4572,2025-08-22 13:00:00,31.47,71.83,1.19,2.9,nasa_power,14.94,0.01
4573,2025-08-22 12:00:00,31.2,68.0,1.29,1.6,nasa_power,2.51,0.01
4574,2025-08-22 11:00:00,32.47,76.83,1.19,3.4,nasa_power,24.07,0.01
4575,2025-08-22 10:00:00,30.93,71.67,0.83,1.8,nasa_power,3.57,0.00
4576,2025-08-22 09:00:00,30.0,69.5,0.62,2.5,nasa_power,9.57,0.00
4577,2025-08-22 08:00:00,30.27,73.33,0.43,1.8,nasa_power,3.57,0.00
4578,2025-08-22 07:00:00,30.33,76.17,0.21,2.0,nasa_power,4.90,0.00
4579,2025-08-22 06:00:00,30.6,80.0,0.15,2.3,nasa_power,7.45,0.00
4580,2025-08-22 05:00:00,28.67,72.83,0.0,1.5,nasa_power,2.07,0.00
4581,2025-08-22 04:00:00,29.93,81.67,0.0,3.3,nasa_power,22.01,0.00
4582,2025-08-22 03:00:00,29.6,82.5,0.0,2.3,nasa_power,7.45,0.00
4583,2025-08-22 02:00:00,28.27,78.33,0.0,2.8,nasa_power,13.45,0.00
4584,2025-08-22 01:00:00,27.73,78.17,0.0,1.7,nasa_power,3.01,0.00
4585,2025-08-22 00:00:00,28.4,84.0,0.0,2.2,nasa_power,6.52,0.00
4586,2025-08-21 23:00:00,28.73,83.17,0.0,3.2,nasa_power,20.07,0.00
4587,2025-08-21 22:00:00,27.87,76.33,0.0,2.6,nasa_power,10.77,0.00
4588,2025-08-21 21:00:00,29.4,81.5,0.0,3.2,nasa_power,20.07,0.00
4589,2025-08-21 20:00:00,29.13,77.67,0.0,1.9,nasa_power,4.20,0.00
4590,2025-08-21 19:00:00,29.47,76.83,0.0,2.9,nasa_power,14.94,0.00
4591,2025-08-21 18:00:00,29.8,76.0,0.39,2.9,nasa_power,14.94,0.00
4592,2025-08-21 17:00:00,30.33,76.17,0.55,2.0,nasa_power,4.90,0.00
4593,2025-08-21 16:00:00,30.47,74.33,1.14,1.9,nasa_power,4.20,0.01
4594,2025-08-21 15:00:00,30.4,71.5,1.91,2.7,nasa_power,12.06,0.01
4595,2025-08-21 14:00:00,30.93,71.67,2.36,2.8,nasa_power,13.45,0.01
4596,2025-08-21 13:00:00,31.07,69.83,3.13,1.7,nasa_power,3.01,0.01
4597,2025-08-21 12:00:00,32.6,75.0,3.4,2.3,nasa_power,7.45,0.01
4598,2025-08-21 11:00:00,31.27,70.83,3.13,1.8,nasa_power,3.57,0.01
4599,2025-08-21 10:00:00,30.93,71.67,2.19,2.8,nasa_power,13.45,0.01
4600,2025-08-21 09:00:00,31.2,75.5,1.63,3.1,nasa_power,18.25,0.01
4601,2025-08-21 08:00:00,30.07,72.33,1.13,1.7,nasa_power,3.01,0.01
4602,2025-08-21 07:00:00,30.53,77.17,0.55,2.1,nasa_power,5.67,0.00
4603,2025-08-21 06:00:00,30.8,81.0,0.39,2.4,nasa_power,8.47,0.00
4604,2025-08-21 05:00:00,29.87,78.83,0.0,2.1,nasa_power,5.67,0.00
4605,2025-08-21 04:00:00,29.93,81.67,0.0,3.3,nasa_power,22.01,0.00
4606,2025-08-21 03:00:00,29.8,83.5,0.0,2.4,nasa_power,8.47,0.00
4607,2025-08-21 02:00:00,28.87,81.33,0.0,2.1,nasa_power,5.67,0.00
4608,2025-08-21 01:00:00,27.33,76.17,0.0,2.5,nasa_power,9.57,0.00
4609,2025-08-21 00:00:00,28.8,86.0,0.0,2.4,nasa_power,8.47,0.00
4610,2025-08-20 23:00:00,27.53,77.17,0.0,1.6,nasa_power,2.51,0.00
4611,2025-08-20 22:00:00,28.27,78.33,0.0,2.8,nasa_power,13.45,0.00
4612,2025-08-20 21:00:00,28.8,78.5,0.0,1.9,nasa_power,4.20,0.00
4613,2025-08-20 20:00:00,28.73,75.67,0.0,1.7,nasa_power,3.01,0.00
4614,2025-08-20 19:00:00,30.27,80.83,0.0,3.3,nasa_power,22.01,0.00
4615,2025-08-20 18:00:00,29.6,75.0,0.67,1.8,nasa_power,3.57,0.00
4616,2025-08-20 17:00:00,30.53,77.17,0.95,2.1,nasa_power,5.67,0.00
4617,2025-08-20 16:00:00,31.27,78.33,1.98,2.3,nasa_power,7.45,0.01
4618,2025-08-20 15:00:00,31.8,78.5,3.3,2.4,nasa_power,8.47,0.01
4619,2025-08-20 14:00:00,31.13,72.67,4.08,1.9,nasa_power,4.20,0.02
4620,2025-08-20 13:00:00,30.87,68.83,5.41,2.6,nasa_power,10.77,0.02
4621,2025-08-20 12:00:00,31.4,69.0,5.88,1.7,nasa_power,3.01,0.02
4622,2025-08-20 11:00:00,31.87,73.83,5.41,2.1,nasa_power,5.67,0.02
4623,2025-08-20 10:00:00,32.13,77.67,3.79,2.4,nasa_power,8.47,0.02
4624,2025-08-20 09:00:00,31.2,75.5,2.82,2.1,nasa_power,5.67,0.01
4625,2025-08-20 08:00:00,30.27,73.33,1.96,1.8,nasa_power,3.57,0.01
4626,2025-08-20 07:00:00,29.53,72.17,0.95,1.6,nasa_power,2.51,0.00
4627,2025-08-20 06:00:00,30.8,81.0,0.67,2.4,nasa_power,8.47,0.00
4628,2025-08-20 05:00:00,29.87,78.83,0.0,3.1,nasa_power,18.25,0.00
4629,2025-08-20 04:00:00,29.73,80.67,0.0,3.2,nasa_power,20.07,0.00
4630,2025-08-20 03:00:00,28.4,76.5,0.0,2.7,nasa_power,12.06,0.00
4631,2025-08-20 02:00:00,28.27,78.33,0.0,2.8,nasa_power,13.45,0.00
4632,2025-08-20 01:00:00,28.73,83.17,0.0,3.2,nasa_power,20.07,0.00
4633,2025-08-20 00:00:00,27.0,77.0,0.0,1.5,nasa_power,2.07,0.00
4634,2025-08-19 23:00:00,27.73,78.17,0.0,1.7,nasa_power,3.01,0.00
4635,2025-08-19 22:00:00,27.67,75.33,0.0,1.5,nasa_power,2.07,0.00
4636,2025-08-19 21:00:00,29.2,80.5,0.0,3.1,nasa_power,18.25,0.00
4637,2025-08-19 20:00:00,29.13,77.67,0.0,2.9,nasa_power,14.94,0.00
4638,2025-08-19 19:00:00,28.67,72.83,0.0,1.5,nasa_power,2.07,0.00
4639,2025-08-19 18:00:00,30.4,79.0,0.66,2.2,nasa_power,6.52,0.00
4640,2025-08-19 17:00:00,29.93,74.17,0.95,2.8,nasa_power,13.45,0.00
4641,2025-08-19 16:00:00,31.27,78.33,1.97,2.3,nasa_power,7.45,0.01
4642,2025-08-19 15:00:00,31.8,78.5,3.29,3.4,nasa_power,24.07,0.01
4643,2025-08-19 14:00:00,30.33,68.67,4.07,1.5,nasa_power,2.07,0.02
4644,2025-08-19 13:00:00,31.87,73.83,5.39,3.1,nasa_power,18.25,0.02
4645,2025-08-19 12:00:00,31.8,71.0,5.85,1.9,nasa_power,4.20,0.02
4646,2025-08-19 11:00:00,32.27,75.83,5.39,2.3,nasa_power,7.45,0.02
4647,2025-08-19 10:00:00,31.93,76.67,3.78,2.3,nasa_power,7.45,0.02
4648,2025-08-19 09:00:00,30.8,73.5,2.81,2.9,nasa_power,14.94,0.01
4649,2025-08-19 08:00:00,30.87,76.33,1.95,3.1,nasa_power,18.25,0.01
4650,2025-08-19 07:00:00,31.13,80.17,0.95,2.4,nasa_power,8.47,0.00
4651,2025-08-19 06:00:00,30.0,77.0,0.66,3.0,nasa_power,16.54,0.00
4652,2025-08-19 05:00:00,30.47,81.83,0.0,3.4,nasa_power,24.07,0.00
4653,2025-08-19 04:00:00,29.33,78.67,0.0,2.0,nasa_power,4.90,0.00
4654,2025-08-19 03:00:00,29.4,81.5,0.0,2.2,nasa_power,6.52,0.00
4655,2025-08-19 02:00:00,28.27,78.33,0.0,2.8,nasa_power,13.45,0.00
4656,2025-08-19 01:00:00,27.93,79.17,0.0,2.8,nasa_power,13.45,0.00
4657,2025-08-19 00:00:00,27.8,81.0,0.0,2.9,nasa_power,14.94,0.00
4658,2025-08-18 23:00:00,28.73,83.17,0.0,3.2,nasa_power,20.07,0.00
4659,2025-08-18 22:00:00,28.87,81.33,0.0,3.1,nasa_power,18.25,0.00
4660,2025-08-18 21:00:00,28.4,76.5,0.0,1.7,nasa_power,3.01,0.00
4661,2025-08-18 20:00:00,29.73,80.67,0.0,3.2,nasa_power,20.07,0.00
4662,2025-08-18 19:00:00,30.07,79.83,0.0,3.2,nasa_power,20.07,0.00
4663,2025-08-18 18:00:00,29.0,72.0,0.68,2.5,nasa_power,9.57,0.00
4664,2025-08-18 17:00:00,31.13,80.17,0.96,2.4,nasa_power,8.47,0.00
4665,2025-08-18 16:00:00,30.27,73.33,2.01,1.8,nasa_power,3.57,0.01
4666,2025-08-18 15:00:00,31.8,78.5,3.36,2.4,nasa_power,8.47,0.01
4667,2025-08-18 14:00:00,30.73,70.67,4.14,1.7,nasa_power,3.01,0.02
4668,2025-08-18 13:00:00,31.67,72.83,5.49,2.0,nasa_power,4.90,0.02
4669,2025-08-18 12:00:00,31.2,68.0,5.97,1.6,nasa_power,2.51,0.02
4670,2025-08-18 11:00:00,31.67,72.83,5.49,3.0,nasa_power,16.54,0.02
4671,2025-08-18 10:00:00,30.73,70.67,3.85,1.7,nasa_power,3.01,0.02
4672,2025-08-18 09:00:00,30.2,70.5,2.86,1.6,nasa_power,2.51,0.01
4673,2025-08-18 08:00:00,29.87,71.33,1.99,1.6,nasa_power,2.51,0.01
4674,2025-08-18 07:00:00,29.53,72.17,0.96,2.6,nasa_power,10.77,0.00
4675,2025-08-18 06:00:00,30.0,77.0,0.68,3.0,nasa_power,16.54,0.00
4676,2025-08-18 05:00:00,30.47,81.83,0.0,3.4,nasa_power,24.07,0.00
4677,2025-08-18 04:00:00,29.33,78.67,0.0,3.0,nasa_power,16.54,0.00
4678,2025-08-18 03:00:00,28.0,74.5,0.0,2.5,nasa_power,9.57,0.00
4679,2025-08-18 02:00:00,28.67,80.33,0.0,3.0,nasa_power,16.54,0.00
4680,2025-08-18 01:00:00,27.33,76.17,0.0,1.5,nasa_power,2.07,0.00
4681,2025-08-18 00:00:00,28.4,84.0,0.0,3.2,nasa_power,20.07,0.00
4682,2025-08-17 23:00:00,27.53,77.17,0.0,1.6,nasa_power,2.51,0.00
4683,2025-08-17 22:00:00,29.47,84.33,0.0,2.4,nasa_power,8.47,0.00
4684,2025-08-17 21:00:00,28.8,78.5,0.0,2.9,nasa_power,14.94,0.00
4685,2025-08-17 20:00:00,28.33,73.67,0.0,2.5,nasa_power,9.57,0.00
4686,2025-08-17 19:00:00,29.67,77.83,0.0,2.0,nasa_power,4.90,0.00
4687,2025-08-17 18:00:00,30.2,78.0,0.57,2.1,nasa_power,5.67,0.00
4688,2025-08-17 17:00:00,30.53,77.17,0.82,2.1,nasa_power,5.67,0.00
4689,2025-08-17 16:00:00,29.87,71.33,1.71,1.6,nasa_power,2.51,0.01
4690,2025-08-17 15:00:00,30.2,70.5,2.85,1.6,nasa_power,2.51,0.01
4691,2025-08-17 14:00:00,31.53,74.67,3.52,3.1,nasa_power,18.25,0.01
4692,2025-08-17 13:00:00,30.87,68.83,4.66,1.6,nasa_power,2.51,0.02
4693,2025-08-17 12:00:00,32.4,74.0,5.06,3.2,nasa_power,20.07,0.02
4694,2025-08-17 11:00:00,31.07,69.83,4.66,1.7,nasa_power,3.01,0.02
4695,2025-08-17 10:00:00,30.73,70.67,3.27,1.7,nasa_power,3.01,0.01
4696,2025-08-17 09:00:00,30.4,71.5,2.43,2.7,nasa_power,12.06,0.01
4697,2025-08-17 08:00:00,30.67,75.33,1.69,3.0,nasa_power,16.54,0.01
4698,2025-08-17 07:00:00,29.53,72.17,0.82,2.6,nasa_power,10.77,0.00
4699,2025-08-17 06:00:00,30.8,81.0,0.57,2.4,nasa_power,8.47,0.00
4700,2025-08-17 05:00:00,28.67,72.83,0.0,2.5,nasa_power,9.57,0.00
4701,2025-08-17 04:00:00,28.73,75.67,0.0,1.7,nasa_power,3.01,0.00
4702,2025-08-17 03:00:00,29.6,82.5,0.0,3.3,nasa_power,22.01,0.00
4703,2025-08-17 02:00:00,29.07,82.33,0.0,2.2,nasa_power,6.52,0.00
4704,2025-08-17 01:00:00,27.33,76.17,0.0,2.5,nasa_power,9.57,0.00
4705,2025-08-17 00:00:00,27.6,80.0,0.0,1.8,nasa_power,3.57,0.00
4706,2025-08-16 23:00:00,28.53,82.17,0.0,2.1,nasa_power,5.67,0.00
4707,2025-08-16 22:00:00,29.27,83.33,0.0,2.3,nasa_power,7.45,0.00
4708,2025-08-16 21:00:00,29.4,81.5,0.0,3.2,nasa_power,20.07,0.00
4709,2025-08-16 20:00:00,30.13,82.67,0.0,2.4,nasa_power,8.47,0.00
4710,2025-08-16 19:00:00,30.07,79.83,0.0,3.2,nasa_power,20.07,0.00
4711,2025-08-16 18:00:00,29.0,72.0,0.21,1.5,nasa_power,2.07,0.00
4712,2025-08-16 17:00:00,29.73,73.17,0.29,2.7,nasa_power,12.06,0.00
4713,2025-08-16 16:00:00,30.07,72.33,0.61,1.7,nasa_power,3.01,0.00
4714,2025-08-16 15:00:00,31.2,75.5,1.03,2.1,nasa_power,5.67,0.00
4715,2025-08-16 14:00:00,31.53,74.67,1.27,2.1,nasa_power,5.67,0.01
4716,2025-08-16 13:00:00,31.67,72.83,1.68,3.0,nasa_power,16.54,0.01
4717,2025-08-16 12:00:00,32.8,76.0,1.82,2.4,nasa_power,8.47,0.01
4718,2025-08-16 11:00:00,31.87,73.83,1.68,3.1,nasa_power,18.25,0.01
4719,2025-08-16 10:00:00,31.13,72.67,1.18,1.9,nasa_power,4.20,0.01
4720,2025-08-16 09:00:00,31.2,75.5,0.87,3.1,nasa_power,18.25,0.00
4721,2025-08-16 08:00:00,29.67,70.33,0.61,1.5,nasa_power,2.07,0.00
4722,2025-08-16 07:00:00,29.53,72.17,0.29,1.6,nasa_power,2.51,0.00
4723,2025-08-16 06:00:00,29.8,76.0,0.21,1.9,nasa_power,4.20,0.00
4724,2025-08-16 05:00:00,29.67,77.83,0.0,2.0,nasa_power,4.90,0.00
4725,2025-08-16 04:00:00,30.13,82.67,0.0,3.4,nasa_power,24.07,0.00
4726,2025-08-16 03:00:00,28.6,77.5,0.0,1.8,nasa_power,3.57,0.00
4727,2025-08-16 02:00:00,28.47,79.33,0.0,1.9,nasa_power,4.20,0.00
4728,2025-08-16 01:00:00,27.73,78.17,0.0,2.7,nasa_power,12.06,0.00
4729,2025-08-16 00:00:00,27.6,80.0,0.0,1.8,nasa_power,3.57,0.00
4730,2025-08-15 23:00:00,27.73,78.17,0.0,1.7,nasa_power,3.01,0.00
4731,2025-08-15 22:00:00,28.07,77.33,0.0,2.7,nasa_power,12.06,0.00
4732,2025-08-15 21:00:00,28.8,78.5,0.0,1.9,nasa_power,4.20,0.00
4733,2025-08-15 20:00:00,28.73,75.67,0.0,1.7,nasa_power,3.01,0.00
4734,2025-08-15 19:00:00,30.47,81.83,0.0,2.4,nasa_power,8.47,0.00
4735,2025-08-15 18:00:00,30.8,81.0,0.5,2.4,nasa_power,8.47,0.00
4736,2025-08-15 17:00:00,29.53,72.17,0.71,1.6,nasa_power,2.51,0.00
4737,2025-08-15 16:00:00,31.47,79.33,1.48,2.4,nasa_power,8.47,0.01
4738,2025-08-15 15:00:00,31.0,74.5,2.47,3.0,nasa_power,16.54,0.01
4739,2025-08-15 14:00:00,31.53,74.67,3.05,3.1,nasa_power,18.25,0.01
4740,2025-08-15 13:00:00,31.67,72.83,4.04,3.0,nasa_power,16.54,0.02
4741,2025-08-15 12:00:00,31.4,69.0,4.39,2.7,nasa_power,12.06,0.02
4742,2025-08-15 11:00:00,31.67,72.83,4.04,3.0,nasa_power,16.54,0.02
4743,2025-08-15 10:00:00,31.33,73.67,2.84,2.0,nasa_power,4.90,0.01
4744,2025-08-15 09:00:00,31.8,78.5,2.11,3.4,nasa_power,24.07,0.01
4745,2025-08-15 08:00:00,30.47,74.33,1.46,1.9,nasa_power,4.20,0.01
4746,2025-08-15 07:00:00,30.73,78.17,0.71,2.2,nasa_power,6.52,0.00
4747,2025-08-15 06:00:00,30.2,78.0,0.5,3.1,nasa_power,18.25,0.00
4748,2025-08-15 05:00:00,30.47,81.83,0.0,2.4,nasa_power,8.47,0.00
4749,2025-08-15 04:00:00,29.33,78.67,0.0,2.0,nasa_power,4.90,0.00
4750,2025-08-15 03:00:00,28.0,74.5,0.0,1.5,nasa_power,2.07,0.00
4751,2025-08-15 02:00:00,28.47,79.33,0.0,2.9,nasa_power,14.94,0.00
4752,2025-08-15 01:00:00,27.33,76.17,0.0,1.5,nasa_power,2.07,0.00
4753,2025-08-15 00:00:00,27.0,77.0,0.0,2.5,nasa_power,9.57,0.00
4754,2025-08-14 23:00:00,27.33,76.17,0.0,2.5,nasa_power,9.57,0.00
4755,2025-08-14 22:00:00,27.87,76.33,0.0,1.6,nasa_power,2.51,0.00
4756,2025-08-14 21:00:00,29.8,83.5,0.0,2.4,nasa_power,8.47,0.00
4757,2025-08-14 20:00:00,30.13,82.67,0.0,3.4,nasa_power,24.07,0.00
4758,2025-08-14 19:00:00,29.47,76.83,0.0,2.9,nasa_power,14.94,0.00
4759,2025-08-14 18:00:00,30.8,81.0,0.52,3.4,nasa_power,24.07,0.00
4760,2025-08-14 17:00:00,29.53,72.17,0.74,1.6,nasa_power,2.51,0.00
4761,2025-08-14 16:00:00,29.87,71.33,1.53,2.6,nasa_power,10.77,0.01
4762,2025-08-14 15:00:00,31.4,76.5,2.56,3.2,nasa_power,20.07,0.01
4763,2025-08-14 14:00:00,30.73,70.67,3.16,1.7,nasa_power,3.01,0.01
4764,2025-08-14 13:00:00,32.27,75.83,4.19,2.3,nasa_power,7.45,0.02
4765,2025-08-14 12:00:00,31.6,70.0,4.55,2.8,nasa_power,13.45,0.02
4766,2025-08-14 11:00:00,30.87,68.83,4.19,2.6,nasa_power,10.77,0.02
4767,2025-08-14 10:00:00,31.13,72.67,2.94,2.9,nasa_power,14.94,0.01
4768,2025-08-14 09:00:00,31.0,74.5,2.18,2.0,nasa_power,4.90,0.01
4769,2025-08-14 08:00:00,30.47,74.33,1.52,1.9,nasa_power,4.20,0.01
4770,2025-08-14 07:00:00,31.13,80.17,0.74,3.4,nasa_power,24.07,0.00
4771,2025-08-14 06:00:00,30.2,78.0,0.52,2.1,nasa_power,5.67,0.00
4772,2025-08-14 05:00:00,29.27,75.83,0.0,2.8,nasa_power,13.45,0.00
4773,2025-08-14 04:00:00,28.53,74.67,0.0,1.6,nasa_power,2.51,0.00
4774,2025-08-14 03:00:00,29.8,83.5,0.0,3.4,nasa_power,24.07,0.00
4775,2025-08-14 02:00:00,28.47,79.33,0.0,1.9,nasa_power,4.20,0.00
4776,2025-08-14 01:00:00,27.73,78.17,0.0,1.7,nasa_power,3.01,0.00
4777,2025-08-14 00:00:00,28.4,84.0,0.0,3.2,nasa_power,20.07,0.00
4778,2025-08-13 23:00:00,27.73,78.17,0.0,1.7,nasa_power,3.01,0.00
4779,2025-08-13 22:00:00,28.87,81.33,0.0,2.1,nasa_power,5.67,0.00
4780,2025-08-13 21:00:00,28.0,74.5,0.0,1.5,nasa_power,2.07,0.00
4781,2025-08-13 20:00:00,30.13,82.67,0.0,2.4,nasa_power,8.47,0.00
4782,2025-08-13 19:00:00,28.67,72.83,0.0,1.5,nasa_power,2.07,0.00
4783,2025-08-13 18:00:00,30.6,80.0,0.61,2.3,nasa_power,7.45,0.00
4784,2025-08-13 17:00:00,30.33,76.17,0.87,3.0,nasa_power,16.54,0.00
4785,2025-08-13 16:00:00,30.47,74.33,1.82,2.9,nasa_power,14.94,0.01
4786,2025-08-13 15:00:00,30.8,73.5,3.04,1.9,nasa_power,4.20,0.01
4787,2025-08-13 14:00:00,30.53,69.67,3.75,2.6,nasa_power,10.77,0.02
4788,2025-08-13 13:00:00,30.87,68.83,4.97,1.6,nasa_power,2.51,0.02
4789,2025-08-13 12:00:00,31.0,67.0,5.4,1.5,nasa_power,2.07,0.02
4790,2025-08-13 11:00:00,31.27,70.83,4.97,2.8,nasa_power,13.45,0.02
4791,2025-08-13 10:00:00,31.93,76.67,3.49,2.3,nasa_power,7.45,0.01
4792,2025-08-13 09:00:00,31.0,74.5,2.59,3.0,nasa_power,16.54,0.01
4793,2025-08-13 08:00:00,30.87,76.33,1.8,3.1,nasa_power,18.25,0.01
4794,2025-08-13 07:00:00,30.33,76.17,0.87,2.0,nasa_power,4.90,0.00
4795,2025-08-13 06:00:00,30.0,77.0,0.61,3.0,nasa_power,16.54,0.00
4796,2025-08-13 05:00:00,29.87,78.83,0.0,2.1,nasa_power,5.67,0.00
4797,2025-08-13 04:00:00,28.53,74.67,0.0,2.6,nasa_power,10.77,0.00
4798,2025-08-13 03:00:00,28.0,74.5,0.0,1.5,nasa_power,2.07,0.00
4799,2025-08-13 02:00:00,28.07,77.33,0.0,1.7,nasa_power,3.01,0.00
4800,2025-08-13 01:00:00,27.93,79.17,0.0,1.8,nasa_power,3.57,0.00
4801,2025-08-13 00:00:00,27.8,81.0,0.0,1.9,nasa_power,4.20,0.00
4802,2025-08-12 23:00:00,28.73,83.17,0.0,2.2,nasa_power,6.52,0.00
4803,2025-08-12 22:00:00,28.47,79.33,0.0,1.9,nasa_power,4.20,0.00
4804,2025-08-12 21:00:00,29.6,82.5,0.0,2.3,nasa_power,7.45,0.00
4805,2025-08-12 20:00:00,29.53,79.67,0.0,3.1,nasa_power,18.25,0.00
4806,2025-08-12 19:00:00,30.07,79.83,0.0,3.2,nasa_power,20.07,0.00
4807,2025-08-12 18:00:00,29.6,75.0,0.65,2.8,nasa_power,13.45,0.00
4808,2025-08-12 17:00:00,29.33,71.17,0.93,2.5,nasa_power,9.57,0.00
4809,2025-08-12 16:00:00,30.27,73.33,1.94,1.8,nasa_power,3.57,0.01
4810,2025-08-12 15:00:00,31.6,77.5,3.24,3.3,nasa_power,22.01,0.01
4811,2025-08-12 14:00:00,30.33,68.67,4.0,2.5,nasa_power,9.57,0.02
4812,2025-08-12 13:00:00,31.07,69.83,5.3,2.7,nasa_power,12.06,0.02
4813,2025-08-12 12:00:00,31.8,71.0,5.76,2.9,nasa_power,14.94,0.02
4814,2025-08-12 11:00:00,30.67,67.83,5.3,1.5,nasa_power,2.07,0.02
4815,2025-08-12 10:00:00,31.53,74.67,3.72,2.1,nasa_power,5.67,0.02
4816,2025-08-12 09:00:00,30.6,72.5,2.76,1.8,nasa_power,3.57,0.01
4817,2025-08-12 08:00:00,29.87,71.33,1.92,2.6,nasa_power,10.77,0.01
4818,2025-08-12 07:00:00,31.13,80.17,0.93,2.4,nasa_power,8.47,0.00
4819,2025-08-12 06:00:00,29.0,72.0,0.65,2.5,nasa_power,9.57,0.00
4820,2025-08-12 05:00:00,30.47,81.83,0.0,2.4,nasa_power,8.47,0.00
4821,2025-08-12 04:00:00,28.53,74.67,0.0,1.6,nasa_power,2.51,0.00
4822,2025-08-12 03:00:00,28.8,78.5,0.0,1.9,nasa_power,4.20,0.00
4823,2025-08-12 02:00:00,28.87,81.33,0.0,3.1,nasa_power,18.25,0.00
4824,2025-08-12 01:00:00,27.53,77.17,0.0,2.6,nasa_power,10.77,0.00
4825,2025-08-12 00:00:00,28.0,82.0,0.0,3.0,nasa_power,16.54,0.00
4826,2025-08-11 23:00:00,27.33,76.17,0.0,2.5,nasa_power,9.57,0.00
4827,2025-08-11 22:00:00,28.47,79.33,0.0,1.9,nasa_power,4.20,0.00
4828,2025-08-11 21:00:00,28.4,76.5,0.0,1.7,nasa_power,3.01,0.00
4829,2025-08-11 20:00:00,28.73,75.67,0.0,2.7,nasa_power,12.06,0.00
4830,2025-08-11 19:00:00,29.67,77.83,0.0,3.0,nasa_power,16.54,0.00
4831,2025-08-11 18:00:00,29.6,75.0,0.68,2.8,nasa_power,13.45,0.00
4832,2025-08-11 17:00:00,29.93,74.17,0.97,1.8,nasa_power,3.57,0.00
4833,2025-08-11 16:00:00,31.27,78.33,2.02,3.3,nasa_power,22.01,0.01
4834,2025-08-11 15:00:00,30.6,72.5,3.37,2.8,nasa_power,13.45,0.01
4835,2025-08-11 14:00:00,31.53,74.67,4.16,2.1,nasa_power,5.67,0.02
4836,2025-08-11 13:00:00,32.07,74.83,5.51,3.2,nasa_power,20.07,0.02
4837,2025-08-11 12:00:00,32.6,75.0,5.99,2.3,nasa_power,7.45,0.02
4838,2025-08-11 11:00:00,31.47,71.83,5.51,1.9,nasa_power,4.20,0.02
4839,2025-08-11 10:00:00,31.93,76.67,3.87,2.3,nasa_power,7.45,0.02
4840,2025-08-11 09:00:00,31.2,75.5,2.87,2.1,nasa_power,5.67,0.01
4841,2025-08-11 08:00:00,30.47,74.33,2.0,1.9,nasa_power,4.20,0.01
4842,2025-08-11 07:00:00,29.53,72.17,0.97,1.6,nasa_power,2.51,0.00
4843,2025-08-11 06:00:00,29.0,72.0,0.68,2.5,nasa_power,9.57,0.00
4844,2025-08-11 05:00:00,30.47,81.83,0.0,2.4,nasa_power,8.47,0.00
4845,2025-08-11 04:00:00,29.53,79.67,0.0,3.1,nasa_power,18.25,0.00
4846,2025-08-11 03:00:00,29.2,80.5,0.0,3.1,nasa_power,18.25,0.00
4847,2025-08-11 02:00:00,28.47,79.33,0.0,2.9,nasa_power,14.94,0.00
4848,2025-08-11 01:00:00,27.33,76.17,0.0,2.5,nasa_power,9.57,0.00
4849,2025-08-11 00:00:00,27.4,79.0,0.0,1.7,nasa_power,3.01,0.00
4850,2025-08-10 23:00:00,27.73,78.17,0.0,1.7,nasa_power,3.01,0.00
4851,2025-08-10 22:00:00,28.87,81.33,0.0,3.1,nasa_power,18.25,0.00
4852,2025-08-10 21:00:00,28.8,78.5,0.0,1.9,nasa_power,4.20,0.00
4853,2025-08-10 20:00:00,29.93,81.67,0.0,2.3,nasa_power,7.45,0.00
4854,2025-08-10 19:00:00,30.27,80.83,0.0,3.3,nasa_power,22.01,0.00
4855,2025-08-10 18:00:00,30.0,77.0,0.7,3.0,nasa_power,16.54,0.00
4856,2025-08-10 17:00:00,31.13,80.17,1.0,3.4,nasa_power,24.07,0.00
4857,2025-08-10 16:00:00,31.47,79.33,2.08,2.4,nasa_power,8.47,0.01
4858,2025-08-10 15:00:00,31.8,78.5,3.47,2.4,nasa_power,8.47,0.01
4859,2025-08-10 14:00:00,30.73,70.67,4.28,1.7,nasa_power,3.01,0.02
4860,2025-08-10 13:00:00,31.67,72.83,5.67,2.0,nasa_power,4.90,0.02
4861,2025-08-10 12:00:00,31.4,69.0,6.16,1.7,nasa_power,3.01,0.03
4862,2025-08-10 11:00:00,30.87,68.83,5.67,1.6,nasa_power,2.51,0.02
4863,2025-08-10 10:00:00,31.53,74.67,3.98,2.1,nasa_power,5.67,0.02
4864,2025-08-10 09:00:00,30.6,72.5,2.95,2.8,nasa_power,13.45,0.01
4865,2025-08-10 08:00:00,29.87,71.33,2.05,2.6,nasa_power,10.77,0.01
4866,2025-08-10 07:00:00,30.33,76.17,1.0,3.0,nasa_power,16.54,0.00
4867,2025-08-10 06:00:00,30.6,80.0,0.7,3.3,nasa_power,22.01,0.00
4868,2025-08-10 05:00:00,29.87,78.83,0.0,2.1,nasa_power,5.67,0.00
4869,2025-08-10 04:00:00,29.53,79.67,0.0,3.1,nasa_power,18.25,0.00
4870,2025-08-10 03:00:00,28.4,76.5,0.0,2.7,nasa_power,12.06,0.00
4871,2025-08-10 02:00:00,28.87,81.33,0.0,2.1,nasa_power,5.67,0.00
4872,2025-08-10 01:00:00,28.73,83.17,0.0,2.2,nasa_power,6.52,0.00
4873,2025-08-10 00:00:00,27.2,78.0,0.0,2.6,nasa_power,10.77,0.00
4874,2025-08-09 23:00:00,27.33,76.17,0.0,1.5,nasa_power,2.07,0.00
4875,2025-08-09 22:00:00,28.07,77.33,0.0,1.7,nasa_power,3.01,0.00
4876,2025-08-09 21:00:00,28.2,75.5,0.0,1.6,nasa_power,2.51,0.00
4877,2025-08-09 20:00:00,28.73,75.67,0.0,2.7,nasa_power,12.06,0.00
4878,2025-08-09 19:00:00,29.07,74.83,0.0,2.7,nasa_power,12.06,0.00
4879,2025-08-09 18:00:00,29.2,73.0,0.52,1.6,nasa_power,2.51,0.00
4880,2025-08-09 17:00:00,31.13,80.17,0.74,3.4,nasa_power,24.07,0.00
4881,2025-08-09 16:00:00,30.27,73.33,1.54,2.8,nasa_power,13.45,0.01
4882,2025-08-09 15:00:00,30.2,70.5,2.58,1.6,nasa_power,2.51,0.01
4883,2025-08-09 14:00:00,31.33,73.67,3.18,2.0,nasa_power,4.90,0.01
4884,2025-08-09 13:00:00,31.67,72.83,4.22,2.0,nasa_power,4.90,0.02
4885,2025-08-09 12:00:00,31.6,70.0,4.58,1.8,nasa_power,3.57,0.02
4886,2025-08-09 11:00:00,30.67,67.83,4.22,1.5,nasa_power,2.07,0.02
4887,2025-08-09 10:00:00,31.93,76.67,2.96,2.3,nasa_power,7.45,0.01
4888,2025-08-09 09:00:00,30.2,70.5,2.2,2.6,nasa_power,10.77,0.01
4889,2025-08-09 08:00:00,31.47,79.33,1.53,2.4,nasa_power,8.47,0.01
4890,2025-08-09 07:00:00,30.33,76.17,0.74,2.0,nasa_power,4.90,0.00
4891,2025-08-09 06:00:00,30.8,81.0,0.52,2.4,nasa_power,8.47,0.00
4892,2025-08-09 05:00:00,29.47,76.83,0.0,1.9,nasa_power,4.20,0.00
4893,2025-08-09 04:00:00,29.73,80.67,0.0,2.2,nasa_power,6.52,0.00
4894,2025-08-09 03:00:00,28.4,76.5,0.0,1.7,nasa_power,3.01,0.00
4895,2025-08-09 02:00:00,28.27,78.33,0.0,1.8,nasa_power,3.57,0.00
4896,2025-08-09 01:00:00,28.53,82.17,0.0,2.1,nasa_power,5.67,0.00
4897,2025-08-09 00:00:00,28.4,84.0,0.0,3.2,nasa_power,20.07,0.00
4898,2025-08-08 23:00:00,28.33,81.17,0.0,3.0,nasa_power,16.54,0.00
4899,2025-08-08 22:00:00,28.27,78.33,0.0,1.8,nasa_power,3.57,0.00
4900,2025-08-08 21:00:00,28.4,76.5,0.0,1.7,nasa_power,3.01,0.00
4901,2025-08-08 20:00:00,28.53,74.67,0.0,1.6,nasa_power,2.51,0.00
4902,2025-08-08 19:00:00,29.67,77.83,0.0,2.0,nasa_power,4.90,0.00
4903,2025-08-08 18:00:00,29.8,76.0,0.57,2.9,nasa_power,14.94,0.00
4904,2025-08-08 17:00:00,31.13,80.17,0.81,3.4,nasa_power,24.07,0.00
4905,2025-08-08 16:00:00,30.67,75.33,1.68,3.0,nasa_power,16.54,0.01
4906,2025-08-08 15:00:00,30.6,72.5,2.81,1.8,nasa_power,3.57,0.01
4907,2025-08-08 14:00:00,31.53,74.67,3.47,3.1,nasa_power,18.25,0.01
4908,2025-08-08 13:00:00,31.87,73.83,4.59,2.1,nasa_power,5.67,0.02
4909,2025-08-08 12:00:00,32.0,72.0,4.99,3.0,nasa_power,16.54,0.02
4910,2025-08-08 11:00:00,31.67,72.83,4.59,3.0,nasa_power,16.54,0.02
4911,2025-08-08 10:00:00,31.73,75.67,3.22,2.2,nasa_power,6.52,0.01
4912,2025-08-08 09:00:00,30.4,71.5,2.39,2.7,nasa_power,12.06,0.01
4913,2025-08-08 08:00:00,29.87,71.33,1.66,1.6,nasa_power,2.51,0.01
4914,2025-08-08 07:00:00,30.73,78.17,0.81,3.2,nasa_power,20.07,0.00
4915,2025-08-08 06:00:00,29.0,72.0,0.57,1.5,nasa_power,2.07,0.00
4916,2025-08-08 05:00:00,30.07,79.83,0.0,2.2,nasa_power,6.52,0.00
4917,2025-08-08 04:00:00,28.73,75.67,0.0,2.7,nasa_power,12.06,0.00
4918,2025-08-08 03:00:00,28.2,75.5,0.0,1.6,nasa_power,2.51,0.00
4919,2025-08-08 02:00:00,28.27,78.33,0.0,1.8,nasa_power,3.57,0.00
4920,2025-08-08 01:00:00,28.53,82.17,0.0,2.1,nasa_power,5.67,0.00
4921,2025-08-08 00:00:00,27.8,81.0,0.0,1.9,nasa_power,4.20,0.00
4922,2025-08-07 23:00:00,28.13,80.17,0.0,1.9,nasa_power,4.20,0.00
4923,2025-08-07 22:00:00,27.67,75.33,0.0,2.5,nasa_power,9.57,0.00
4924,2025-08-07 21:00:00,29.4,81.5,0.0,3.2,nasa_power,20.07,0.00
4925,2025-08-07 20:00:00,29.33,78.67,0.0,3.0,nasa_power,16.54,0.00
4926,2025-08-07 19:00:00,29.07,74.83,0.0,2.7,nasa_power,12.06,0.00
4927,2025-08-07 18:00:00,30.4,79.0,0.5,3.2,nasa_power,20.07,0.00
4928,2025-08-07 17:00:00,30.33,76.17,0.71,2.0,nasa_power,4.90,0.00
4929,2025-08-07 16:00:00,29.67,70.33,1.49,1.5,nasa_power,2.07,0.01
4930,2025-08-07 15:00:00,30.0,69.5,2.48,2.5,nasa_power,9.57,0.01
4931,2025-08-07 14:00:00,30.73,70.67,3.07,2.7,nasa_power,12.06,0.01
4932,2025-08-07 13:00:00,31.87,73.83,4.06,2.1,nasa_power,5.67,0.02
4933,2025-08-07 12:00:00,32.6,75.0,4.42,2.3,nasa_power,7.45,0.02
4934,2025-08-07 11:00:00,32.27,75.83,4.06,3.3,nasa_power,22.01,0.02
4935,2025-08-07 10:00:00,31.13,72.67,2.85,1.9,nasa_power,4.20,0.01
4936,2025-08-07 09:00:00,31.2,75.5,2.12,2.1,nasa_power,5.67,0.01
4937,2025-08-07 08:00:00,30.27,73.33,1.47,1.8,nasa_power,3.57,0.01
4938,2025-08-07 07:00:00,29.53,72.17,0.71,1.6,nasa_power,2.51,0.00
4939,2025-08-07 06:00:00,30.4,79.0,0.5,3.2,nasa_power,20.07,0.00
4940,2025-08-07 05:00:00,29.87,78.83,0.0,2.1,nasa_power,5.67,0.00
4941,2025-08-07 04:00:00,28.33,73.67,0.0,2.5,nasa_power,9.57,0.00
4942,2025-08-07 03:00:00,28.6,77.5,0.0,1.8,nasa_power,3.57,0.00
4943,2025-08-07 02:00:00,28.27,78.33,0.0,2.8,nasa_power,13.45,0.00
4944,2025-08-07 01:00:00,27.53,77.17,0.0,2.6,nasa_power,10.77,0.00
4945,2025-08-07 00:00:00,27.2,78.0,0.0,1.6,nasa_power,2.51,0.00
4946,2025-08-06 23:00:00,27.53,77.17,0.0,2.6,nasa_power,10.77,0.00
4947,2025-08-06 22:00:00,28.07,77.33,0.0,1.7,nasa_power,3.01,0.00
4948,2025-08-06 21:00:00,29.4,81.5,0.0,2.2,nasa_power,6.52,0.00
4949,2025-08-06 20:00:00,29.73,80.67,0.0,2.2,nasa_power,6.52,0.00
4950,2025-08-06 19:00:00,30.27,80.83,0.0,2.3,nasa_power,7.45,0.00
4951,2025-08-06 18:00:00,29.4,74.0,0.45,1.7,nasa_power,3.01,0.00
4952,2025-08-06 17:00:00,30.53,77.17,0.64,2.1,nasa_power,5.67,0.00
4953,2025-08-06 16:00:00,30.87,76.33,1.34,2.1,nasa_power,5.67,0.01
4954,2025-08-06 15:00:00,30.0,69.5,2.24,2.5,nasa_power,9.57,0.01
4955,2025-08-06 14:00:00,31.33,73.67,2.76,3.0,nasa_power,16.54,0.01
4956,2025-08-06 13:00:00,32.47,76.83,3.66,3.4,nasa_power,24.07,0.02
4957,2025-08-06 12:00:00,32.4,74.0,3.98,3.2,nasa_power,20.07,0.02
4958,2025-08-06 11:00:00,30.87,68.83,3.66,2.6,nasa_power,10.77,0.02
4959,2025-08-06 10:00:00,31.33,73.67,2.57,3.0,nasa_power,16.54,0.01
4960,2025-08-06 09:00:00,31.2,75.5,1.91,2.1,nasa_power,5.67,0.01
4961,2025-08-06 08:00:00,31.47,79.33,1.33,2.4,nasa_power,8.47,0.01
4962,2025-08-06 07:00:00,29.53,72.17,0.64,2.6,nasa_power,10.77,0.00
4963,2025-08-06 06:00:00,30.2,78.0,0.45,3.1,nasa_power,18.25,0.00
4964,2025-08-06 05:00:00,30.27,80.83,0.0,2.3,nasa_power,7.45,0.00
4965,2025-08-06 04:00:00,29.53,79.67,0.0,2.1,nasa_power,5.67,0.00
4966,2025-08-06 03:00:00,29.4,81.5,0.0,3.2,nasa_power,20.07,0.00
4967,2025-08-06 02:00:00,28.67,80.33,0.0,2.0,nasa_power,4.90,0.00
4968,2025-08-06 01:00:00,28.33,81.17,0.0,2.0,nasa_power,4.90,0.00
4969,2025-08-06 00:00:00,27.4,79.0,0.0,1.7,nasa_power,3.01,0.00
4970,2025-08-05 23:00:00,27.53,77.17,0.0,2.6,nasa_power,10.77,0.00
4971,2025-08-05 22:00:00,28.27,78.33,0.0,1.8,nasa_power,3.57,0.00
4972,2025-08-05 21:00:00,28.6,77.5,0.0,2.8,nasa_power,13.45,0.00
4973,2025-08-05 20:00:00,29.33,78.67,0.0,2.0,nasa_power,4.90,0.00
4974,2025-08-05 19:00:00,29.87,78.83,0.0,3.1,nasa_power,18.25,0.00
4975,2025-08-05 18:00:00,30.8,81.0,0.65,3.4,nasa_power,24.07,0.00
4976,2025-08-05 17:00:00,30.53,77.17,0.92,2.1,nasa_power,5.67,0.00
4977,2025-08-05 16:00:00,30.47,74.33,1.93,1.9,nasa_power,4.20,0.01
4978,2025-08-05 15:00:00,30.6,72.5,3.22,2.8,nasa_power,13.45,0.01
4979,2025-08-05 14:00:00,30.73,70.67,3.97,2.7,nasa_power,12.06,0.02
4980,2025-08-05 13:00:00,31.67,72.83,5.26,2.0,nasa_power,4.90,0.02
4981,2025-08-05 12:00:00,32.6,75.0,5.72,3.3,nasa_power,22.01,0.02
4982,2025-08-05 11:00:00,31.27,70.83,5.26,2.8,nasa_power,13.45,0.02
4983,2025-08-05 10:00:00,31.33,73.67,3.69,3.0,nasa_power,16.54,0.02
4984,2025-08-05 09:00:00,31.4,76.5,2.74,3.2,nasa_power,20.07,0.01
4985,2025-08-05 08:00:00,31.07,77.33,1.91,2.2,nasa_power,6.52,0.01
4986,2025-08-05 07:00:00,30.93,79.17,0.92,3.3,nasa_power,22.01,0.00
4987,2025-08-05 06:00:00,29.0,72.0,0.65,1.5,nasa_power,2.07,0.00
4988,2025-08-05 05:00:00,29.87,78.83,0.0,2.1,nasa_power,5.67,0.00
4989,2025-08-05 04:00:00,29.33,78.67,0.0,3.0,nasa_power,16.54,0.00
4990,2025-08-05 03:00:00,28.2,75.5,0.0,1.6,nasa_power,2.51,0.00
4991,2025-08-05 02:00:00,29.47,84.33,0.0,3.4,nasa_power,24.07,0.00
4992,2025-08-05 01:00:00,29.13,85.17,0.0,2.4,nasa_power,8.47,0.00
4993,2025-08-05 00:00:00,27.2,78.0,0.0,2.6,nasa_power,10.77,0.00
4994,2025-08-04 23:00:00,29.13,85.17,0.0,2.4,nasa_power,8.47,0.00
4995,2025-08-04 22:00:00,28.07,77.33,0.0,1.7,nasa_power,3.01,0.00
4996,2025-08-04 21:00:00,29.8,83.5,0.0,2.4,nasa_power,8.47,0.00
4997,2025-08-04 20:00:00,29.53,79.67,0.0,3.1,nasa_power,18.25,0.00
4998,2025-08-04 19:00:00,30.27,80.83,0.0,2.3,nasa_power,7.45,0.00
4999,2025-08-04 18:00:00,29.0,72.0,0.81,2.5,nasa_power,9.57,0.00
5000,2025-08-04 17:00:00,29.73,73.17,1.16,2.7,nasa_power,12.06,0.01
5001,2025-08-04 16:00:00,30.87,76.33,2.41,2.1,nasa_power,5.67,0.01
5002,2025-08-04 15:00:00,31.4,76.5,4.03,2.2,nasa_power,6.52,0.02
5003,2025-08-04 14:00:00,31.53,74.67,4.97,2.1,nasa_power,5.67,0.02
5004,2025-08-04 13:00:00,32.07,74.83,6.59,3.2,nasa_power,20.07,0.03
5005,2025-08-04 12:00:00,31.8,71.0,7.16,2.9,nasa_power,14.94,0.03
5006,2025-08-04 11:00:00,30.67,67.83,6.59,1.5,nasa_power,2.07,0.03
5007,2025-08-04 10:00:00,30.53,69.67,4.62,1.6,nasa_power,2.51,0.02
5008,2025-08-04 09:00:00,31.2,75.5,3.43,3.1,nasa_power,18.25,0.01
5009,2025-08-04 08:00:00,31.27,78.33,2.39,3.3,nasa_power,22.01,0.01
5010,2025-08-04 07:00:00,30.13,75.17,1.16,2.9,nasa_power,14.94,0.01
5011,2025-08-04 06:00:00,30.0,77.0,0.81,3.0,nasa_power,16.54,0.00
5012,2025-08-04 05:00:00,30.27,80.83,0.0,2.3,nasa_power,7.45,0.00
5013,2025-08-04 04:00:00,30.13,82.67,0.0,2.4,nasa_power,8.47,0.00
5014,2025-08-04 03:00:00,28.6,77.5,0.0,1.8,nasa_power,3.57,0.00
5015,2025-08-04 02:00:00,29.27,83.33,0.0,2.3,nasa_power,7.45,0.00
5016,2025-08-04 01:00:00,28.73,83.17,0.0,2.2,nasa_power,6.52,0.00
5017,2025-08-04 00:00:00,27.2,78.0,0.0,2.6,nasa_power,10.77,0.00
5018,2025-08-03 23:00:00,29.13,85.17,0.0,3.4,nasa_power,24.07,0.00
5019,2025-08-03 22:00:00,29.27,83.33,0.0,2.3,nasa_power,7.45,0.00
5020,2025-08-03 21:00:00,28.0,74.5,0.0,2.5,nasa_power,9.57,0.00
5021,2025-08-03 20:00:00,29.13,77.67,0.0,2.9,nasa_power,14.94,0.00
5022,2025-08-03 19:00:00,28.67,72.83,0.0,1.5,nasa_power,2.07,0.00
5023,2025-08-03 18:00:00,30.2,78.0,0.79,2.1,nasa_power,5.67,0.00
5024,2025-08-03 17:00:00,29.53,72.17,1.12,1.6,nasa_power,2.51,0.00
5025,2025-08-03 16:00:00,30.67,75.33,2.33,2.0,nasa_power,4.90,0.01
5026,2025-08-03 15:00:00,31.4,76.5,3.89,3.2,nasa_power,20.07,0.02
5027,2025-08-03 14:00:00,31.13,72.67,4.81,1.9,nasa_power,4.20,0.02
5028,2025-08-03 13:00:00,30.87,68.83,6.37,2.6,nasa_power,10.77,0.03
5029,2025-08-03 12:00:00,32.0,72.0,6.92,3.0,nasa_power,16.54,0.03
5030,2025-08-03 11:00:00,30.87,68.83,6.37,1.6,nasa_power,2.51,0.03
5031,2025-08-03 10:00:00,31.53,74.67,4.47,3.1,nasa_power,18.25,0.02
5032,2025-08-03 09:00:00,31.4,76.5,3.32,3.2,nasa_power,20.07,0.01
5033,2025-08-03 08:00:00,30.07,72.33,2.31,1.7,nasa_power,3.01,0.01
5034,2025-08-03 07:00:00,31.13,80.17,1.12,2.4,nasa_power,8.47,0.00
5035,2025-08-03 06:00:00,29.6,75.0,0.79,2.8,nasa_power,13.45,0.00
5036,2025-08-03 05:00:00,29.27,75.83,0.0,2.8,nasa_power,13.45,0.00
5037,2025-08-03 04:00:00,28.33,73.67,0.0,2.5,nasa_power,9.57,0.00
5038,2025-08-03 03:00:00,28.8,78.5,0.0,1.9,nasa_power,4.20,0.00
5039,2025-08-03 02:00:00,29.27,83.33,0.0,2.3,nasa_power,7.45,0.00
5040,2025-08-03 01:00:00,27.33,76.17,0.0,1.5,nasa_power,2.07,0.00
5041,2025-08-03 00:00:00,27.6,80.0,0.0,2.8,nasa_power,13.45,0.00
5042,2025-08-02 23:00:00,27.73,78.17,0.0,1.7,nasa_power,3.01,0.00
5043,2025-08-02 22:00:00,28.67,80.33,0.0,2.0,nasa_power,4.90,0.00
5044,2025-08-02 21:00:00,28.4,76.5,0.0,2.7,nasa_power,12.06,0.00
5045,2025-08-02 20:00:00,30.13,82.67,0.0,3.4,nasa_power,24.07,0.00
5046,2025-08-02 19:00:00,29.27,75.83,0.0,2.8,nasa_power,13.45,0.00
5047,2025-08-02 18:00:00,30.2,78.0,0.77,3.1,nasa_power,18.25,0.00
5048,2025-08-02 17:00:00,29.53,72.17,1.09,2.6,nasa_power,10.77,0.00
5049,2025-08-02 16:00:00,30.87,76.33,2.28,2.1,nasa_power,5.67,0.01
5050,2025-08-02 15:00:00,30.8,73.5,3.81,2.9,nasa_power,14.94,0.02
5051,2025-08-02 14:00:00,30.53,69.67,4.71,1.6,nasa_power,2.51,0.02
5052,2025-08-02 13:00:00,32.07,74.83,6.24,3.2,nasa_power,20.07,0.03
5053,2025-08-02 12:00:00,32.8,76.0,6.78,3.4,nasa_power,24.07,0.03
5054,2025-08-02 11:00:00,31.07,69.83,6.24,2.7,nasa_power,12.06,0.03
5055,2025-08-02 10:00:00,30.53,69.67,4.38,1.6,nasa_power,2.51,0.02
5056,2025-08-02 09:00:00,31.6,77.5,3.25,3.3,nasa_power,22.01,0.01
5057,2025-08-02 08:00:00,29.67,70.33,2.26,2.5,nasa_power,9.57,0.01
5058,2025-08-02 07:00:00,30.73,78.17,1.09,2.2,nasa_power,6.52,0.00
5059,2025-08-02 06:00:00,30.4,79.0,0.77,3.2,nasa_power,20.07,0.00
5060,2025-08-02 05:00:00,29.87,78.83,0.0,3.1,nasa_power,18.25,0.00
5061,2025-08-02 04:00:00,29.33,78.67,0.0,2.0,nasa_power,4.90,0.00
5062,2025-08-02 03:00:00,29.4,81.5,0.0,2.2,nasa_power,6.52,0.00
5063,2025-08-02 02:00:00,27.87,76.33,0.0,1.6,nasa_power,2.51,0.00
5064,2025-08-02 01:00:00,28.13,80.17,0.0,1.9,nasa_power,4.20,0.00
5065,2025-08-02 00:00:00,27.6,80.0,0.0,2.8,nasa_power,13.45,0.00
5066,2025-08-01 23:00:00,27.53,77.17,0.0,1.6,nasa_power,2.51,0.00
5067,2025-08-01 22:00:00,27.67,75.33,0.0,2.5,nasa_power,9.57,0.00
5068,2025-08-01 21:00:00,29.4,81.5,0.0,3.2,nasa_power,20.07,0.00
5069,2025-08-01 20:00:00,28.93,76.67,0.0,1.8,nasa_power,3.57,0.00
5070,2025-08-01 19:00:00,29.67,77.83,0.0,3.0,nasa_power,16.54,0.00
5071,2025-08-01 18:00:00,30.6,80.0,0.6,2.3,nasa_power,7.45,0.00
5072,2025-08-01 17:00:00,29.33,71.17,0.85,1.5,nasa_power,2.07,0.00
5073,2025-08-01 16:00:00,30.67,75.33,1.78,3.0,nasa_power,16.54,0.01
5074,2025-08-01 15:00:00,31.0,74.5,2.97,2.0,nasa_power,4.90,0.01
5075,2025-08-01 14:00:00,31.53,74.67,3.66,3.1,nasa_power,18.25,0.02
5076,2025-08-01 13:00:00,32.07,74.83,4.85,2.2,nasa_power,6.52,0.02
5077,2025-08-01 12:00:00,31.0,67.0,5.28,1.5,nasa_power,2.07,0.02
5078,2025-08-01 11:00:00,31.67,72.83,4.85,3.0,nasa_power,16.54,0.02
5079,2025-08-01 10:00:00,30.93,71.67,3.41,2.8,nasa_power,13.45,0.01
5080,2025-08-01 09:00:00,31.4,76.5,2.53,3.2,nasa_power,20.07,0.01
5081,2025-08-01 08:00:00,31.27,78.33,1.76,2.3,nasa_power,7.45,0.01
5082,2025-08-01 07:00:00,30.13,75.17,0.85,2.9,nasa_power,14.94,0.00
5083,2025-08-01 06:00:00,30.0,77.0,0.6,2.0,nasa_power,4.90,0.00
5084,2025-08-01 05:00:00,29.07,74.83,0.0,1.7,nasa_power,3.01,0.00
5085,2025-08-01 04:00:00,28.93,76.67,0.0,2.8,nasa_power,13.45,0.00
5086,2025-08-01 03:00:00,29.6,82.5,0.0,2.3,nasa_power,7.45,0.00
5087,2025-08-01 02:00:00,28.87,81.33,0.0,3.1,nasa_power,18.25,0.00
5088,2025-08-01 01:00:00,28.13,80.17,0.0,2.9,nasa_power,14.94,0.00
5089,2025-08-01 00:00:00,27.2,78.0,0.0,1.6,nasa_power,2.51,0.00
15265,2025-08-01 00:00:00,28.0,75.0,0.0,3.0,nasa_power,16.54,0.0
15266,2025-08-01 01:00:00,28.0,75.0,0.0,3.0,nasa_power,16.54,0.0
15267,2025-08-01 02:00:00,28.0,75.0,0.0,3.0,nasa_power,16.54,0.0
15268,2025-08-01 03:00:00,28.0,75.0,0.0,3.0,nasa_power,16.54,0.0
15269,2025-08-01 04:00:00,28.0,75.0,0.0,3.0,nasa_power,16.54,0.0
15270,2025-08-01 05:00:00,28.0,75.0,0.0,3.0,nasa_power,16.54,0.0
15271,2025-08-01 06:00:00,28.0,75.0,0.0,3.0,nasa_power,16.54,0.0
15272,2025-08-01 07:00:00,28.0,75.0,0.0,3.0,nasa_power,16.54,0.0
15273,2025-08-01 08:00:00,28.0,75.0,0.0,3.0,nasa_power,16.54,0.0
15274,2025-08-01 09:00:00,28.0,75.0,0.0,3.0,nasa_power,16.54,0.0
15275,2025-08-01 10:00:00,28.0,75.0,0.0,3.0,nasa_power,16.54,0.0
15276,2025-08-01 11:00:00,28.0,75.0,0.0,3.0,nasa_power,16.54,0.0
15277,2025-08-01 12:00:00,28.0,75.0,0.0,3.0,nasa_power,16.54,0.0
15278,2025-08-01 13:00:00,28.0,75.0,0.0,3.0,nasa_power,16.54,0.0
15279,2025-08-01 14:00:00,28.0,75.0,0.0,3.0,nasa_power,16.54,0.0
15280,2025-08-01 15:00:00,28.0,75.0,0.0,3.0,nasa_power,16.54,0.0
15281,2025-08-01 16:00:00,28.0,75.0,0.0,3.0,nasa_power,16.54,0.0
15282,2025-08-01 17:00:00,28.0,75.0,0.0,3.0,nasa_power,16.54,0.0
15283,2025-08-01 18:00:00,28.0,75.0,0.0,3.0,nasa_power,16.54,0.0
15284,2025-08-01 19:00:00,28.0,75.0,0.0,3.0,nasa_power,16.54,0.0
15285,2025-08-01 20:00:00,28.0,75.0,0.0,3.0,nasa_power,16.54,0.0
15286,2025-08-01 21:00:00,28.0,75.0,0.0,3.0,nasa_power,16.54,0.0
15287,2025-08-01 22:00:00,28.0,75.0,0.0,3.0,nasa_power,16.54,0.0
15288,2025-08-01 23:00:00,28.0,75.0,0.0,3.0,nasa_power,16.54,0.0
15289,2025-08-02 00:00:00,28.0,75.0,0.0,3.0,nasa_power,16.54,0.0
15290,2025-08-02 01:00:00,28.0,75.0,0.0,3.0,nasa_power,16.54,0.0
15291,2025-08-02 02:00:00,28.0,75.0,0.0,3.0,nasa_power,16.54,0.0
15292,2025-08-02 03:00:00,28.0,75.0,0.0,3.0,nasa_power,16.54,0.0
15293,2025-08-02 04:00:00,28.0,75.0,0.0,3.0,nasa_power,16.54,0.0
15294,2025-08-02 05:00:00,28.0,75.0,0.0,3.0,nasa_power,16.54,0.0
15295,2025-08-02 06:00:00,28.0,75.0,0.0,3.0,nasa_power,16.54,0.0
15296,2025-08-02 07:00:00,28.0,75.0,0.0,3.0,nasa_power,16.54,0.0
15297,2025-08-02 08:00:00,28.0,75.0,0.0,3.0,nasa_power,16.54,0.0
15298,2025-08-02 09:00:00,28.0,75.0,0.0,3.0,nasa_power,16.54,0.0
15299,2025-08-02 10:00:00,28.0,75.0,0.0,3.0,nasa_power,16.54,0.0
15300,2025-08-02 11:00:00,28.0,75.0,0.0,3.0,nasa_power,16.54,0.0
15301,2025-08-02 12:00:00,28.0,75.0,0.0,3.0,nasa_power,16.54,0.0
15302,2025-08-02 13:00:00,28.0,75.0,0.0,3.0,nasa_power,16.54,0.0
15303,2025-08-02 14:00:00,28.0,75.0,0.0,3.0,nasa_power,16.54,0.0
15304,2025-08-02 15:00:00,28.0,75.0,0.0,3.0,nasa_power,16.54,0.0
15305,2025-08-02 16:00:00,28.0,75.0,0.0,3.0,nasa_power,16.54,0.0
15306,2025-08-02 17:00:00,28.0,75.0,0.0,3.0,nasa_power,16.54,0.0
15307,2025-08-02 18:00:00,28.0,75.0,0.0,3.0,nasa_power,16.54,0.0
15308,2025-08-02 19:00:00,28.0,75.0,0.0,3.0,nasa_power,16.54,0.0
15309,2025-08-02 20:00:00,28.0,75.0,0.0,3.0,nasa_power,16.54,0.0
15310,2025-08-02 21:00:00,28.0,75.0,0.0,3.0,nasa_power,16.54,0.0
15311,2025-08-02 22:00:00,28.0,75.0,0.0,3.0,nasa_power,16.54,0.0
15312,2025-08-02 23:00:00,28.0,75.0,0.0,3.0,nasa_power,16.54,0.0
15313,2025-08-03 00:00:00,28.0,75.0,0.0,3.0,nasa_power,16.54,0.0
15314,2025-08-03 01:00:00,28.0,75.0,0.0,3.0,nasa_power,16.54,0.0
15315,2025-08-03 02:00:00,28.0,75.0,0.0,3.0,nasa_power,16.54,0.0
15316,2025-08-03 03:00:00,28.0,75.0,0.0,3.0,nasa_power,16.54,0.0
15317,2025-08-03 04:00:00,28.0,75.0,0.0,3.0,nasa_power,16.54,0.0
15318,2025-08-03 05:00:00,28.0,75.0,0.0,3.0,nasa_power,16.54,0.0
15319,2025-08-03 06:00:00,28.0,75.0,0.0,3.0,nasa_power,16.54,0.0
15320,2025-08-03 07:00:00,28.0,75.0,0.0,3.0,nasa_power,16.54,0.0
15321,2025-08-03 08:00:00,28.0,75.0,0.0,3.0,nasa_power,16.54,0.0
15322,2025-08-03 09:00:00,28.0,75.0,0.0,3.0,nasa_power,16.54,0.0
15323,2025-08-03 10:00:00,28.0,75.0,0.0,3.0,nasa_power,16.54,0.0
15324,2025-08-03 11:00:00,28.0,75.0,0.0,3.0,nasa_power,16.54,0.0
15325,2025-08-03 12:00:00,28.0,75.0,0.0,3.0,nasa_power,16.54,0.0
15326,2025-08-03 13:00:00,28.0,75.0,0.0,3.0,nasa_power,16.54,0.0
15327,2025-08-03 14:00:00,28.0,75.0,0.0,3.0,nasa_power,16.54,0.0
15328,2025-08-03 15:00:00,28.0,75.0,0.0,3.0,nasa_power,16.54,0.0
15329,2025-08-03 16:00:00,28.0,75.0,0.0,3.0,nasa_power,16.54,0.0
15330,2025-08-03 17:00:00,28.0,75.0,0.0,3.0,nasa_power,16.54,0.0
15331,2025-08-03 18:00:00,28.0,75.0,0.0,3.0,nasa_power,16.54,0.0
15332,2025-08-03 19:00:00,28.0,75.0,0.0,3.0,nasa_power,16.54,0.0
15333,2025-08-03 20:00:00,28.0,75.0,0.0,3.0,nasa_power,16.54,0.0
15334,2025-08-03 21:00:00,28.0,75.0,0.0,3.0,nasa_power,16.54,0.0
15335,2025-08-03 22:00:00,28.0,75.0,0.0,3.0,nasa_power,16.54,0.0
15336,2025-08-03 23:00:00,28.0,75.0,0.0,3.0,nasa_power,16.54,0.0
15337,2025-08-04 00:00:00,28.0,75.0,0.0,3.0,nasa_power,16.54,0.0
15338,2025-08-04 01:00:00,28.0,75.0,0.0,3.0,nasa_power,16.54,0.0
15339,2025-08-04 02:00:00,28.0,75.0,0.0,3.0,nasa_power,16.54,0.0
15340,2025-08-04 03:00:00,28.0,75.0,0.0,3.0,nasa_power,16.54,0.0
15341,2025-08-04 04:00:00,28.0,75.0,0.0,3.0,nasa_power,16.54,0.0
15342,2025-08-04 05:00:00,28.0,75.0,0.0,3.0,nasa_power,16.54,0.0
15343,2025-08-04 06:00:00,28.0,75.0,0.0,3.0,nasa_power,16.54,0.0
15344,2025-08-04 07:00:00,28.0,75.0,0.0,3.0,nasa_power,16.54,0.0
15345,2025-08-04 08:00:00,28.0,75.0,0.0,3.0,nasa_power,16.54,0.0
15346,2025-08-04 09:00:00,28.0,75.0,0.0,3.0,nasa_power,16.54,0.0
15347,2025-08-04 10:00:00,28.0,75.0,0.0,3.0,nasa_power,16.54,0.0
15348,2025-08-04 11:00:00,28.0,75.0,0.0,3.0,nasa_power,16.54,0.0
15349,2025-08-04 12:00:00,28.0,75.0,0.0,3.0,nasa_power,16.54,0.0
15350,2025-08-04 13:00:00,28.0,75.0,0.0,3.0,nasa_power,16.54,0.0
15351,2025-08-04 14:00:00,28.0,75.0,0.0,3.0,nasa_power,16.54,0.0
15352,2025-08-04 15:00:00,28.0,75.0,0.0,3.0,nasa_power,16.54,0.0
15353,2025-08-04 16:00:00,28.0,75.0,0.0,3.0,nasa_power,16.54,0.0
15354,2025-08-04 17:00:00,28.0,75.0,0.0,3.0,nasa_power,16.54,0.0
15355,2025-08-04 18:00:00,28.0,75.0,0.0,3.0,nasa_power,16.54,0.0
15356,2025-08-04 19:00:00,28.0,75.0,0.0,3.0,nasa_power,16.54,0.0
15357,2025-08-04 20:00:00,28.0,75.0,0.0,3.0,nasa_power,16.54,0.0
15358,2025-08-04 21:00:00,28.0,75.0,0.0,3.0,nasa_power,16.54,0.0
15359,2025-08-04 22:00:00,28.0,75.0,0.0,3.0,nasa_power,16.54,0.0
15360,2025-08-04 23:00:00,28.0,75.0,0.0,3.0,nasa_power,16.54,0.0
15361,2025-08-05 00:00:00,28.0,75.0,0.0,3.0,nasa_power,16.54,0.0
15362,2025-08-05 01:00:00,28.0,75.0,0.0,3.0,nasa_power,16.54,0.0
15363,2025-08-05 02:00:00,28.0,75.0,0.0,3.0,nasa_power,16.54,0.0
15364,2025-08-05 03:00:00,28.0,75.0,0.0,3.0,nasa_power,16.54,0.0
15365,2025-08-05 04:00:00,28.0,75.0,0.0,3.0,nasa_power,16.54,0.0
15366,2025-08-05 05:00:00,28.0,75.0,0.0,3.0,nasa_power,16.54,0.0
15367,2025-08-05 06:00:00,28.0,75.0,0.0,3.0,nasa_power,16.54,0.0
15368,2025-08-05 07:00:00,28.0,75.0,0.0,3.0,nasa_power,16.54,0.0
15369,2025-08-05 08:00:00,28.0,75.0,0.0,3.0,nasa_power,16.54,0.0
15370,2025-08-05 09:00:00,28.0,75.0,0.0,3.0,nasa_power,16.54,0.0
15371,2025-08-05 10:00:00,28.0,75.0,0.0,3.0,nasa_power,16.54,0.0
15372,2025-08-05 11:00:00,28.0,75.0,0.0,3.0,nasa_power,16.54,0.0
15373,2025-08-05 12:00:00,28.0,75.0,0.0,3.0,nasa_power,16.54,0.0
15374,2025-08-05 13:00:00,28.0,75.0,0.0,3.0,nasa_power,16.54,0.0
15375,2025-08-05 14:00:00,28.0,75.0,0.0,3.0,nasa_power,16.54,0.0
15376,2025-08-05 15:00:00,28.0,75.0,0.0,3.0,nasa_power,16.54,0.0
15377,2025-08-05 16:00:00,28.0,75.0,0.0,3.0,nasa_power,16.54,0.0
15378,2025-08-05 17:00:00,28.0,75.0,0.0,3.0,nasa_power,16.54,0.0
15379,2025-08-05 18:00:00,28.0,75.0,0.0,3.0,nasa_power,16.54,0.0
15380,2025-08-05 19:00:00,28.0,75.0,0.0,3.0,nasa_power,16.54,0.0
15381,2025-08-05 20:00:00,28.0,75.0,0.0,3.0,nasa_power,16.54,0.0
15382,2025-08-05 21:00:00,28.0,75.0,0.0,3.0,nasa_power,16.54,0.0
15383,2025-08-05 22:00:00,28.0,75.0,0.0,3.0,nasa_power,16.54,0.0
15384,2025-08-05 23:00:00,28.0,75.0,0.0,3.0,nasa_power,16.54,0.0
15385,2025-08-06 00:00:00,28.0,75.0,0.0,3.0,nasa_power,16.54,0.0
15386,2025-08-06 01:00:00,28.0,75.0,0.0,3.0,nasa_power,16.54,0.0
15387,2025-08-06 02:00:00,28.0,75.0,0.0,3.0,nasa_power,16.54,0.0
15388,2025-08-06 03:00:00,28.0,75.0,0.0,3.0,nasa_power,16.54,0.0
15389,2025-08-06 04:00:00,28.0,75.0,0.0,3.0,nasa_power,16.54,0.0
15390,2025-08-06 05:00:00,28.0,75.0,0.0,3.0,nasa_power,16.54,0.0
15391,2025-08-06 06:00:00,28.0,75.0,0.0,3.0,nasa_power,16.54,0.0
15392,2025-08-06 07:00:00,28.0,75.0,0.0,3.0,nasa_power,16.54,0.0
15393,2025-08-06 08:00:00,28.0,75.0,0.0,3.0,nasa_power,16.54,0.0
15394,2025-08-06 09:00:00,28.0,75.0,0.0,3.0,nasa_power,16.54,0.0
15395,2025-08-06 10:00:00,28.0,75.0,0.0,3.0,nasa_power,16.54,0.0
15396,2025-08-06 11:00:00,28.0,75.0,0.0,3.0,nasa_power,16.54,0.0
15397,2025-08-06 12:00:00,28.0,75.0,0.0,3.0,nasa_power,16.54,0.0
15398,2025-08-06 13:00:00,28.0,75.0,0.0,3.0,nasa_power,16.54,0.0
15399,2025-08-06 14:00:00,28.0,75.0,0.0,3.0,nasa_power,16.54,0.0
15400,2025-08-06 15:00:00,28.0,75.0,0.0,3.0,nasa_power,16.54,0.0
15401,2025-08-06 16:00:00,28.0,75.0,0.0,3.0,nasa_power,16.54,0.0
15402,2025-08-06 17:00:00,28.0,75.0,0.0,3.0,nasa_power,16.54,0.0
15403,2025-08-06 18:00:00,28.0,75.0,0.0,3.0,nasa_power,16.54,0.0
15404,2025-08-06 19:00:00,28.0,75.0,0.0,3.0,nasa_power,16.54,0.0
15405,2025-08-06 20:00:00,28.0,75.0,0.0,3.0,nasa_power,16.54,0.0
15406,2025-08-06 21:00:00,28.0,75.0,0.0,3.0,nasa_power,16.54,0.0
15407,2025-08-06 22:00:00,28.0,75.0,0.0,3.0,nasa_power,16.54,0.0
15408,2025-08-06 23:00:00,28.0,75.0,0.0,3.0,nasa_power,16.54,0.0
15409,2025-08-07 00:00:00,28.0,75.0,0.0,3.0,nasa_power,16.54,0.0
15410,2025-08-07 01:00:00,28.0,75.0,0.0,3.0,nasa_power,16.54,0.0
15411,2025-08-07 02:00:00,28.0,75.0,0.0,3.0,nasa_power,16.54,0.0
15412,2025-08-07 03:00:00,28.0,75.0,0.0,3.0,nasa_power,16.54,0.0
15413,2025-08-07 04:00:00,28.0,75.0,0.0,3.0,nasa_power,16.54,0.0
15414,2025-08-07 05:00:00,28.0,75.0,0.0,3.0,nasa_power,16.54,0.0
15415,2025-08-07 06:00:00,28.0,75.0,0.0,3.0,nasa_power,16.54,0.0
15416,2025-08-07 07:00:00,28.0,75.0,0.0,3.0,nasa_power,16.54,0.0
15417,2025-08-07 08:00:00,28.0,75.0,0.0,3.0,nasa_power,16.54,0.0
15418,2025-08-07 09:00:00,28.0,75.0,0.0,3.0,nasa_power,16.54,0.0
15419,2025-08-07 10:00:00,28.0,75.0,0.0,3.0,nasa_power,16.54,0.0
15420,2025-08-07 11:00:00,28.0,75.0,0.0,3.0,nasa_power,16.54,0.0
15421,2025-08-07 12:00:00,28.0,75.0,0.0,3.0,nasa_power,16.54,0.0
15422,2025-08-07 13:00:00,28.0,75.0,0.0,3.0,nasa_power,16.54,0.0
15423,2025-08-07 14:00:00,28.0,75.0,0.0,3.0,nasa_power,16.54,0.0
15424,2025-08-07 15:00:00,28.0,75.0,0.0,3.0,nasa_power,16.54,0.0
15425,2025-08-07 16:00:00,28.0,75.0,0.0,3.0,nasa_power,16.54,0.0
15426,2025-08-07 17:00:00,28.0,75.0,0.0,3.0,nasa_power,16.54,0.0
15427,2025-08-07 18:00:00,28.0,75.0,0.0,3.0,nasa_power,16.54,0.0
15428,2025-08-07 19:00:00,28.0,75.0,0.0,3.0,nasa_power,16.54,0.0
15429,2025-08-07 20:00:00,28.0,75.0,0.0,3.0,nasa_power,16.54,0.0
15430,2025-08-07 21:00:00,28.0,75.0,0.0,3.0,nasa_power,16.54,0.0
15431,2025-08-07 22:00:00,28.0,75.0,0.0,3.0,nasa_power,16.54,0.0
15432,2025-08-07 23:00:00,28.0,75.0,0.0,3.0,nasa_power,16.54,0.0
15433,2025-08-08 00:00:00,28.0,75.0,0.0,3.0,nasa_power,16.54,0.0
15434,2025-08-08 01:00:00,28.0,75.0,0.0,3.0,nasa_power,16.54,0.0
15435,2025-08-08 02:00:00,28.0,75.0,0.0,3.0,nasa_power,16.54,0.0
15436,2025-08-08 03:00:00,28.0,75.0,0.0,3.0,nasa_power,16.54,0.0
15437,2025-08-08 04:00:00,28.0,75.0,0.0,3.0,nasa_power,16.54,0.0
15438,2025-08-08 05:00:00,28.0,75.0,0.0,3.0,nasa_power,16.54,0.0
15439,2025-08-08 06:00:00,28.0,75.0,0.0,3.0,nasa_power,16.54,0.0
15440,2025-08-08 07:00:00,28.0,75.0,0.0,3.0,nasa_power,16.54,0.0
15441,2025-08-08 08:00:00,28.0,75.0,0.0,3.0,nasa_power,16.54,0.0
15442,2025-08-08 09:00:00,28.0,75.0,0.0,3.0,nasa_power,16.54,0.0
15443,2025-08-08 10:00:00,28.0,75.0,0.0,3.0,nasa_power,16.54,0.0
15444,2025-08-08 11:00:00,28.0,75.0,0.0,3.0,nasa_power,16.54,0.0
15445,2025-08-08 12:00:00,28.0,75.0,0.0,3.0,nasa_power,16.54,0.0
15446,2025-08-08 13:00:00,28.0,75.0,0.0,3.0,nasa_power,16.54,0.0
15447,2025-08-08 14:00:00,28.0,75.0,0.0,3.0,nasa_power,16.54,0.0
15448,2025-08-08 15:00:00,28.0,75.0,0.0,3.0,nasa_power,16.54,0.0
15449,2025-08-08 16:00:00,28.0,75.0,0.0,3.0,nasa_power,16.54,0.0
15450,2025-08-08 17:00:00,28.0,75.0,0.0,3.0,nasa_power,16.54,0.0
15451,2025-08-08 18:00:00,28.0,75.0,0.0,3.0,nasa_power,16.54,0.0
15452,2025-08-08 19:00:00,28.0,75.0,0.0,3.0,nasa_power,16.54,0.0
15453,2025-08-08 20:00:00,28.0,75.0,0.0,3.0,nasa_power,16.54,0.0
15454,2025-08-08 21:00:00,28.0,75.0,0.0,3.0,nasa_power,16.54,0.0
15455,2025-08-08 22:00:00,28.0,75.0,0.0,3.0,nasa_power,16.54,0.0
15456,2025-08-08 23:00:00,28.0,75.0,0.0,3.0,nasa_power,16.54,0.0
15457,2025-08-09 00:00:00,28.0,75.0,0.0,3.0,nasa_power,16.54,0.0
15458,2025-08-09 01:00:00,28.0,75.0,0.0,3.0,nasa_power,16.54,0.0
15459,2025-08-09 02:00:00,28.0,75.0,0.0,3.0,nasa_power,16.54,0.0
15460,2025-08-09 03:00:00,28.0,75.0,0.0,3.0,nasa_power,16.54,0.0
15461,2025-08-09 04:00:00,28.0,75.0,0.0,3.0,nasa_power,16.54,0.0
15462,2025-08-09 05:00:00,28.0,75.0,0.0,3.0,nasa_power,16.54,0.0
15463,2025-08-09 06:00:00,28.0,75.0,0.0,3.0,nasa_power,16.54,0.0
15464,2025-08-09 07:00:00,28.0,75.0,0.0,3.0,nasa_power,16.54,0.0
15465,2025-08-09 08:00:00,28.0,75.0,0.0,3.0,nasa_power,16.54,0.0
15466,2025-08-09 09:00:00,28.0,75.0,0.0,3.0,nasa_power,16.54,0.0
15467,2025-08-09 10:00:00,28.0,75.0,0.0,3.0,nasa_power,16.54,0.0
15468,2025-08-09 11:00:00,28.0,75.0,0.0,3.0,nasa_power,16.54,0.0
15469,2025-08-09 12:00:00,28.0,75.0,0.0,3.0,nasa_power,16.54,0.0
15470,2025-08-09 13:00:00,28.0,75.0,0.0,3.0,nasa_power,16.54,0.0
15471,2025-08-09 14:00:00,28.0,75.0,0.0,3.0,nasa_power,16.54,0.0
15472,2025-08-09 15:00:00,28.0,75.0,0.0,3.0,nasa_power,16.54,0.0
15473,2025-08-09 16:00:00,28.0,75.0,0.0,3.0,nasa_power,16.54,0.0
15474,2025-08-09 17:00:00,28.0,75.0,0.0,3.0,nasa_power,16.54,0.0
15475,2025-08-09 18:00:00,28.0,75.0,0.0,3.0,nasa_power,16.54,0.0
15476,2025-08-09 19:00:00,28.0,75.0,0.0,3.0,nasa_power,16.54,0.0
15477,2025-08-09 20:00:00,28.0,75.0,0.0,3.0,nasa_power,16.54,0.0
15478,2025-08-09 21:00:00,28.0,75.0,0.0,3.0,nasa_power,16.54,0.0
15479,2025-08-09 22:00:00,28.0,75.0,0.0,3.0,nasa_power,16.54,0.0
15480,2025-08-09 23:00:00,28.0,75.0,0.0,3.0,nasa_power,16.54,0.0
15481,2025-08-10 00:00:00,28.0,75.0,0.0,3.0,nasa_power,16.54,0.0
15482,2025-08-10 01:00:00,28.0,75.0,0.0,3.0,nasa_power,16.54,0.0
15483,2025-08-10 02:00:00,28.0,75.0,0.0,3.0,nasa_power,16.54,0.0
15484,2025-08-10 03:00:00,28.0,75.0,0.0,3.0,nasa_power,16.54,0.0
15485,2025-08-10 04:00:00,28.0,75.0,0.0,3.0,nasa_power,16.54,0.0
15486,2025-08-10 05:00:00,28.0,75.0,0.0,3.0,nasa_power,16.54,0.0
15487,2025-08-10 06:00:00,28.0,75.0,0.0,3.0,nasa_power,16.54,0.0
15488,2025-08-10 07:00:00,28.0,75.0,0.0,3.0,nasa_power,16.54,0.0
15489,2025-08-10 08:00:00,28.0,75.0,0.0,3.0,nasa_power,16.54,0.0
15490,2025-08-10 09:00:00,28.0,75.0,0.0,3.0,nasa_power,16.54,0.0
15491,2025-08-10 10:00:00,28.0,75.0,0.0,3.0,nasa_power,16.54,0.0
15492,2025-08-10 11:00:00,28.0,75.0,0.0,3.0,nasa_power,16.54,0.0
15493,2025-08-10 12:00:00,28.0,75.0,0.0,3.0,nasa_power,16.54,0.0
15494,2025-08-10 13:00:00,28.0,75.0,0.0,3.0,nasa_power,16.54,0.0
15495,2025-08-10 14:00:00,28.0,75.0,0.0,3.0,nasa_power,16.54,0.0
15496,2025-08-10 15:00:00,28.0,75.0,0.0,3.0,nasa_power,16.54,0.0
15497,2025-08-10 16:00:00,28.0,75.0,0.0,3.0,nasa_power,16.54,0.0
15498,2025-08-10 17:00:00,28.0,75.0,0.0,3.0,nasa_power,16.54,0.0
15499,2025-08-10 18:00:00,28.0,75.0,0.0,3.0,nasa_power,16.54,0.0
15500,2025-08-10 19:00:00,28.0,75.0,0.0,3.0,nasa_power,16.54,0.0
15501,2025-08-10 20:00:00,28.0,75.0,0.0,3.0,nasa_power,16.54,0.0
15502,2025-08-10 21:00:00,28.0,75.0,0.0,3.0,nasa_power,16.54,0.0
15503,2025-08-10 22:00:00,28.0,75.0,0.0,3.0,nasa_power,16.54,0.0
15504,2025-08-10 23:00:00,28.0,75.0,0.0,3.0,nasa_power,16.54,0.0
15505,2025-08-11 00:00:00,28.0,75.0,0.0,3.0,nasa_power,16.54,0.0
15506,2025-08-11 01:00:00,28.0,75.0,0.0,3.0,nasa_power,16.54,0.0
15507,2025-08-11 02:00:00,28.0,75.0,0.0,3.0,nasa_power,16.54,0.0
15508,2025-08-11 03:00:00,28.0,75.0,0.0,3.0,nasa_power,16.54,0.0
15509,2025-08-11 04:00:00,28.0,75.0,0.0,3.0,nasa_power,16.54,0.0
15510,2025-08-11 05:00:00,28.0,75.0,0.0,3.0,nasa_power,16.54,0.0
15511,2025-08-11 06:00:00,28.0,75.0,0.0,3.0,nasa_power,16.54,0.0
15512,2025-08-11 07:00:00,28.0,75.0,0.0,3.0,nasa_power,16.54,0.0
15513,2025-08-11 08:00:00,28.0,75.0,0.0,3.0,nasa_power,16.54,0.0
15514,2025-08-11 09:00:00,28.0,75.0,0.0,3.0,nasa_power,16.54,0.0
15515,2025-08-11 10:00:00,28.0,75.0,0.0,3.0,nasa_power,16.54,0.0
15516,2025-08-11 11:00:00,28.0,75.0,0.0,3.0,nasa_power,16.54,0.0
15517,2025-08-11 12:00:00,28.0,75.0,0.0,3.0,nasa_power,16.54,0.0
15518,2025-08-11 13:00:00,28.0,75.0,0.0,3.0,nasa_power,16.54,0.0
15519,2025-08-11 14:00:00,28.0,75.0,0.0,3.0,nasa_power,16.54,0.0
15520,2025-08-11 15:00:00,28.0,75.0,0.0,3.0,nasa_power,16.54,0.0
15521,2025-08-11 16:00:00,28.0,75.0,0.0,3.0,nasa_power,16.54,0.0
15522,2025-08-11 17:00:00,28.0,75.0,0.0,3.0,nasa_power,16.54,0.0
15523,2025-08-11 18:00:00,28.0,75.0,0.0,3.0,nasa_power,16.54,0.0
15524,2025-08-11 19:00:00,28.0,75.0,0.0,3.0,nasa_power,16.54,0.0
15525,2025-08-11 20:00:00,28.0,75.0,0.0,3.0,nasa_power,16.54,0.0
15526,2025-08-11 21:00:00,28.0,75.0,0.0,3.0,nasa_power,16.54,0.0
15527,2025-08-11 22:00:00,28.0,75.0,0.0,3.0,nasa_power,16.54,0.0
15528,2025-08-11 23:00:00,28.0,75.0,0.0,3.0,nasa_power,16.54,0.0
15529,2025-08-12 00:00:00,28.0,75.0,0.0,3.0,nasa_power,16.54,0.0
15530,2025-08-12 01:00:00,28.0,75.0,0.0,3.0,nasa_power,16.54,0.0
15531,2025-08-12 02:00:00,28.0,75.0,0.0,3.0,nasa_power,16.54,0.0
15532,2025-08-12 03:00:00,28.0,75.0,0.0,3.0,nasa_power,16.54,0.0
15533,2025-08-12 04:00:00,28.0,75.0,0.0,3.0,nasa_power,16.54,0.0
15534,2025-08-12 05:00:00,28.0,75.0,0.0,3.0,nasa_power,16.54,0.0
15535,2025-08-12 06:00:00,28.0,75.0,0.0,3.0,nasa_power,16.54,0.0
15536,2025-08-12 07:00:00,28.0,75.0,0.0,3.0,nasa_power,16.54,0.0
15537,2025-08-12 08:00:00,28.0,75.0,0.0,3.0,nasa_power,16.54,0.0
15538,2025-08-12 09:00:00,28.0,75.0,0.0,3.0,nasa_power,16.54,0.0
15539,2025-08-12 10:00:00,28.0,75.0,0.0,3.0,nasa_power,16.54,0.0
15540,2025-08-12 11:00:00,28.0,75.0,0.0,3.0,nasa_power,16.54,0.0
15541,2025-08-12 12:00:00,28.0,75.0,0.0,3.0,nasa_power,16.54,0.0
15542,2025-08-12 13:00:00,28.0,75.0,0.0,3.0,nasa_power,16.54,0.0
15543,2025-08-12 14:00:00,28.0,75.0,0.0,3.0,nasa_power,16.54,0.0
15544,2025-08-12 15:00:00,28.0,75.0,0.0,3.0,nasa_power,16.54,0.0
15545,2025-08-12 16:00:00,28.0,75.0,0.0,3.0,nasa_power,16.54,0.0
15546,2025-08-12 17:00:00,28.0,75.0,0.0,3.0,nasa_power,16.54,0.0
15547,2025-08-12 18:00:00,28.0,75.0,0.0,3.0,nasa_power,16.54,0.0
15548,2025-08-12 19:00:00,28.0,75.0,0.0,3.0,nasa_power,16.54,0.0
15549,2025-08-12 20:00:00,28.0,75.0,0.0,3.0,nasa_power,16.54,0.0
15550,2025-08-12 21:00:00,28.0,75.0,0.0,3.0,nasa_power,16.54,0.0
15551,2025-08-12 22:00:00,28.0,75.0,0.0,3.0,nasa_power,16.54,0.0
15552,2025-08-12 23:00:00,28.0,75.0,0.0,3.0,nasa_power,16.54,0.0
15553,2025-08-13 00:00:00,28.0,75.0,0.0,3.0,nasa_power,16.54,0.0
15554,2025-08-13 01:00:00,28.0,75.0,0.0,3.0,nasa_power,16.54,0.0
15555,2025-08-13 02:00:00,28.0,75.0,0.0,3.0,nasa_power,16.54,0.0
15556,2025-08-13 03:00:00,28.0,75.0,0.0,3.0,nasa_power,16.54,0.0
15557,2025-08-13 04:00:00,28.0,75.0,0.0,3.0,nasa_power,16.54,0.0
15558,2025-08-13 05:00:00,28.0,75.0,0.0,3.0,nasa_power,16.54,0.0
15559,2025-08-13 06:00:00,28.0,75.0,0.0,3.0,nasa_power,16.54,0.0
15560,2025-08-13 07:00:00,28.0,75.0,0.0,3.0,nasa_power,16.54,0.0
15561,2025-08-13 08:00:00,28.0,75.0,0.0,3.0,nasa_power,16.54,0.0
15562,2025-08-13 09:00:00,28.0,75.0,0.0,3.0,nasa_power,16.54,0.0
15563,2025-08-13 10:00:00,28.0,75.0,0.0,3.0,nasa_power,16.54,0.0
15564,2025-08-13 11:00:00,28.0,75.0,0.0,3.0,nasa_power,16.54,0.0
15565,2025-08-13 12:00:00,28.0,75.0,0.0,3.0,nasa_power,16.54,0.0
15566,2025-08-13 13:00:00,28.0,75.0,0.0,3.0,nasa_power,16.54,0.0
15567,2025-08-13 14:00:00,28.0,75.0,0.0,3.0,nasa_power,16.54,0.0
15568,2025-08-13 15:00:00,28.0,75.0,0.0,3.0,nasa_power,16.54,0.0
15569,2025-08-13 16:00:00,28.0,75.0,0.0,3.0,nasa_power,16.54,0.0
15570,2025-08-13 17:00:00,28.0,75.0,0.0,3.0,nasa_power,16.54,0.0
15571,2025-08-13 18:00:00,28.0,75.0,0.0,3.0,nasa_power,16.54,0.0
15572,2025-08-13 19:00:00,28.0,75.0,0.0,3.0,nasa_power,16.54,0.0
15573,2025-08-13 20:00:00,28.0,75.0,0.0,3.0,nasa_power,16.54,0.0
15574,2025-08-13 21:00:00,28.0,75.0,0.0,3.0,nasa_power,16.54,0.0
15575,2025-08-13 22:00:00,28.0,75.0,0.0,3.0,nasa_power,16.54,0.0
15576,2025-08-13 23:00:00,28.0,75.0,0.0,3.0,nasa_power,16.54,0.0
15577,2025-08-14 00:00:00,28.0,75.0,0.0,3.0,nasa_power,16.54,0.0
15578,2025-08-14 01:00:00,28.0,75.0,0.0,3.0,nasa_power,16.54,0.0
15579,2025-08-14 02:00:00,28.0,75.0,0.0,3.0,nasa_power,16.54,0.0
15580,2025-08-14 03:00:00,28.0,75.0,0.0,3.0,nasa_power,16.54,0.0
15581,2025-08-14 04:00:00,28.0,75.0,0.0,3.0,nasa_power,16.54,0.0
15582,2025-08-14 05:00:00,28.0,75.0,0.0,3.0,nasa_power,16.54,0.0
15583,2025-08-14 06:00:00,28.0,75.0,0.0,3.0,nasa_power,16.54,0.0
15584,2025-08-14 07:00:00,28.0,75.0,0.0,3.0,nasa_power,16.54,0.0
15585,2025-08-14 08:00:00,28.0,75.0,0.0,3.0,nasa_power,16.54,0.0
15586,2025-08-14 09:00:00,28.0,75.0,0.0,3.0,nasa_power,16.54,0.0
15587,2025-08-14 10:00:00,28.0,75.0,0.0,3.0,nasa_power,16.54,0.0
15588,2025-08-14 11:00:00,28.0,75.0,0.0,3.0,nasa_power,16.54,0.0
15589,2025-08-14 12:00:00,28.0,75.0,0.0,3.0,nasa_power,16.54,0.0
15590,2025-08-14 13:00:00,28.0,75.0,0.0,3.0,nasa_power,16.54,0.0
15591,2025-08-14 14:00:00,28.0,75.0,0.0,3.0,nasa_power,16.54,0.0
15592,2025-08-14 15:00:00,28.0,75.0,0.0,3.0,nasa_power,16.54,0.0
15593,2025-08-14 16:00:00,28.0,75.0,0.0,3.0,nasa_power,16.54,0.0
15594,2025-08-14 17:00:00,28.0,75.0,0.0,3.0,nasa_power,16.54,0.0
15595,2025-08-14 18:00:00,28.0,75.0,0.0,3.0,nasa_power,16.54,0.0
15596,2025-08-14 19:00:00,28.0,75.0,0.0,3.0,nasa_power,16.54,0.0
15597,2025-08-14 20:00:00,28.0,75.0,0.0,3.0,nasa_power,16.54,0.0
15598,2025-08-14 21:00:00,28.0,75.0,0.0,3.0,nasa_power,16.54,0.0
15599,2025-08-14 22:00:00,28.0,75.0,0.0,3.0,nasa_power,16.54,0.0
15600,2025-08-14 23:00:00,28.0,75.0,0.0,3.0,nasa_power,16.54,0.0
15601,2025-08-15 00:00:00,28.0,75.0,0.0,3.0,nasa_power,16.54,0.0
15602,2025-08-15 01:00:00,28.0,75.0,0.0,3.0,nasa_power,16.54,0.0
15603,2025-08-15 02:00:00,28.0,75.0,0.0,3.0,nasa_power,16.54,0.0
15604,2025-08-15 03:00:00,28.0,75.0,0.0,3.0,nasa_power,16.54,0.0
15605,2025-08-15 04:00:00,28.0,75.0,0.0,3.0,nasa_power,16.54,0.0
15606,2025-08-15 05:00:00,28.0,75.0,0.0,3.0,nasa_power,16.54,0.0
15607,2025-08-15 06:00:00,28.0,75.0,0.0,3.0,nasa_power,16.54,0.0
15608,2025-08-15 07:00:00,28.0,75.0,0.0,3.0,nasa_power,16.54,0.0
15609,2025-08-15 08:00:00,28.0,75.0,0.0,3.0,nasa_power,16.54,0.0
15610,2025-08-15 09:00:00,28.0,75.0,0.0,3.0,nasa_power,16.54,0.0
15611,2025-08-15 10:00:00,28.0,75.0,0.0,3.0,nasa_power,16.54,0.0
15612,2025-08-15 11:00:00,28.0,75.0,0.0,3.0,nasa_power,16.54,0.0
15613,2025-08-15 12:00:00,28.0,75.0,0.0,3.0,nasa_power,16.54,0.0
15614,2025-08-15 13:00:00,28.0,75.0,0.0,3.0,nasa_power,16.54,0.0
15615,2025-08-15 14:00:00,28.0,75.0,0.0,3.0,nasa_power,16.54,0.0
15616,2025-08-15 15:00:00,28.0,75.0,0.0,3.0,nasa_power,16.54,0.0
15617,2025-08-15 16:00:00,28.0,75.0,0.0,3.0,nasa_power,16.54,0.0
15618,2025-08-15 17:00:00,28.0,75.0,0.0,3.0,nasa_power,16.54,0.0
15619,2025-08-15 18:00:00,28.0,75.0,0.0,3.0,nasa_power,16.54,0.0
15620,2025-08-15 19:00:00,28.0,75.0,0.0,3.0,nasa_power,16.54,0.0
15621,2025-08-15 20:00:00,28.0,75.0,0.0,3.0,nasa_power,16.54,0.0
15622,2025-08-15 21:00:00,28.0,75.0,0.0,3.0,nasa_power,16.54,0.0
15623,2025-08-15 22:00:00,28.0,75.0,0.0,3.0,nasa_power,16.54,0.0
15624,2025-08-15 23:00:00,28.0,75.0,0.0,3.0,nasa_power,16.54,0.0
15625,2025-08-16 00:00:00,28.0,75.0,0.0,3.0,nasa_power,16.54,0.0
15626,2025-08-16 01:00:00,28.0,75.0,0.0,3.0,nasa_power,16.54,0.0
15627,2025-08-16 02:00:00,28.0,75.0,0.0,3.0,nasa_power,16.54,0.0
15628,2025-08-16 03:00:00,28.0,75.0,0.0,3.0,nasa_power,16.54,0.0
15629,2025-08-16 04:00:00,28.0,75.0,0.0,3.0,nasa_power,16.54,0.0
15630,2025-08-16 05:00:00,28.0,75.0,0.0,3.0,nasa_power,16.54,0.0
15631,2025-08-16 06:00:00,28.0,75.0,0.0,3.0,nasa_power,16.54,0.0
15632,2025-08-16 07:00:00,28.0,75.0,0.0,3.0,nasa_power,16.54,0.0
15633,2025-08-16 08:00:00,28.0,75.0,0.0,3.0,nasa_power,16.54,0.0
15634,2025-08-16 09:00:00,28.0,75.0,0.0,3.0,nasa_power,16.54,0.0
15635,2025-08-16 10:00:00,28.0,75.0,0.0,3.0,nasa_power,16.54,0.0
15636,2025-08-16 11:00:00,28.0,75.0,0.0,3.0,nasa_power,16.54,0.0
15637,2025-08-16 12:00:00,28.0,75.0,0.0,3.0,nasa_power,16.54,0.0
15638,2025-08-16 13:00:00,28.0,75.0,0.0,3.0,nasa_power,16.54,0.0
15639,2025-08-16 14:00:00,28.0,75.0,0.0,3.0,nasa_power,16.54,0.0
15640,2025-08-16 15:00:00,28.0,75.0,0.0,3.0,nasa_power,16.54,0.0
15641,2025-08-16 16:00:00,28.0,75.0,0.0,3.0,nasa_power,16.54,0.0
15642,2025-08-16 17:00:00,28.0,75.0,0.0,3.0,nasa_power,16.54,0.0
15643,2025-08-16 18:00:00,28.0,75.0,0.0,3.0,nasa_power,16.54,0.0
15644,2025-08-16 19:00:00,28.0,75.0,0.0,3.0,nasa_power,16.54,0.0
15645,2025-08-16 20:00:00,28.0,75.0,0.0,3.0,nasa_power,16.54,0.0
15646,2025-08-16 21:00:00,28.0,75.0,0.0,3.0,nasa_power,16.54,0.0
15647,2025-08-16 22:00:00,28.0,75.0,0.0,3.0,nasa_power,16.54,0.0
15648,2025-08-16 23:00:00,28.0,75.0,0.0,3.0,nasa_power,16.54,0.0
15649,2025-08-17 00:00:00,28.0,75.0,0.0,3.0,nasa_power,16.54,0.0
15650,2025-08-17 01:00:00,28.0,75.0,0.0,3.0,nasa_power,16.54,0.0
15651,2025-08-17 02:00:00,28.0,75.0,0.0,3.0,nasa_power,16.54,0.0
15652,2025-08-17 03:00:00,28.0,75.0,0.0,3.0,nasa_power,16.54,0.0
15653,2025-08-17 04:00:00,28.0,75.0,0.0,3.0,nasa_power,16.54,0.0
15654,2025-08-17 05:00:00,28.0,75.0,0.0,3.0,nasa_power,16.54,0.0
15655,2025-08-17 06:00:00,28.0,75.0,0.0,3.0,nasa_power,16.54,0.0
15656,2025-08-17 07:00:00,28.0,75.0,0.0,3.0,nasa_power,16.54,0.0
15657,2025-08-17 08:00:00,28.0,75.0,0.0,3.0,nasa_power,16.54,0.0
15658,2025-08-17 09:00:00,28.0,75.0,0.0,3.0,nasa_power,16.54,0.0
15659,2025-08-17 10:00:00,28.0,75.0,0.0,3.0,nasa_power,16.54,0.0
15660,2025-08-17 11:00:00,28.0,75.0,0.0,3.0,nasa_power,16.54,0.0
15661,2025-08-17 12:00:00,28.0,75.0,0.0,3.0,nasa_power,16.54,0.0
15662,2025-08-17 13:00:00,28.0,75.0,0.0,3.0,nasa_power,16.54,0.0
15663,2025-08-17 14:00:00,28.0,75.0,0.0,3.0,nasa_power,16.54,0.0
15664,2025-08-17 15:00:00,28.0,75.0,0.0,3.0,nasa_power,16.54,0.0
15665,2025-08-17 16:00:00,28.0,75.0,0.0,3.0,nasa_power,16.54,0.0
15666,2025-08-17 17:00:00,28.0,75.0,0.0,3.0,nasa_power,16.54,0.0
15667,2025-08-17 18:00:00,28.0,75.0,0.0,3.0,nasa_power,16.54,0.0
15668,2025-08-17 19:00:00,28.0,75.0,0.0,3.0,nasa_power,16.54,0.0
15669,2025-08-17 20:00:00,28.0,75.0,0.0,3.0,nasa_power,16.54,0.0
15670,2025-08-17 21:00:00,28.0,75.0,0.0,3.0,nasa_power,16.54,0.0
15671,2025-08-17 22:00:00,28.0,75.0,0.0,3.0,nasa_power,16.54,0.0
15672,2025-08-17 23:00:00,28.0,75.0,0.0,3.0,nasa_power,16.54,0.0
15673,2025-08-18 00:00:00,28.0,75.0,0.0,3.0,nasa_power,16.54,0.0
15674,2025-08-18 01:00:00,28.0,75.0,0.0,3.0,nasa_power,16.54,0.0
15675,2025-08-18 02:00:00,28.0,75.0,0.0,3.0,nasa_power,16.54,0.0
15676,2025-08-18 03:00:00,28.0,75.0,0.0,3.0,nasa_power,16.54,0.0
15677,2025-08-18 04:00:00,28.0,75.0,0.0,3.0,nasa_power,16.54,0.0
15678,2025-08-18 05:00:00,28.0,75.0,0.0,3.0,nasa_power,16.54,0.0
15679,2025-08-18 06:00:00,28.0,75.0,0.0,3.0,nasa_power,16.54,0.0
15680,2025-08-18 07:00:00,28.0,75.0,0.0,3.0,nasa_power,16.54,0.0
15681,2025-08-18 08:00:00,28.0,75.0,0.0,3.0,nasa_power,16.54,0.0
15682,2025-08-18 09:00:00,28.0,75.0,0.0,3.0,nasa_power,16.54,0.0
15683,2025-08-18 10:00:00,28.0,75.0,0.0,3.0,nasa_power,16.54,0.0
15684,2025-08-18 11:00:00,28.0,75.0,0.0,3.0,nasa_power,16.54,0.0
15685,2025-08-18 12:00:00,28.0,75.0,0.0,3.0,nasa_power,16.54,0.0
15686,2025-08-18 13:00:00,28.0,75.0,0.0,3.0,nasa_power,16.54,0.0
15687,2025-08-18 14:00:00,28.0,75.0,0.0,3.0,nasa_power,16.54,0.0
15688,2025-08-18 15:00:00,28.0,75.0,0.0,3.0,nasa_power,16.54,0.0
15689,2025-08-18 16:00:00,28.0,75.0,0.0,3.0,nasa_power,16.54,0.0
15690,2025-08-18 17:00:00,28.0,75.0,0.0,3.0,nasa_power,16.54,0.0
15691,2025-08-18 18:00:00,28.0,75.0,0.0,3.0,nasa_power,16.54,0.0
15692,2025-08-18 19:00:00,28.0,75.0,0.0,3.0,nasa_power,16.54,0.0
15693,2025-08-18 20:00:00,28.0,75.0,0.0,3.0,nasa_power,16.54,0.0
15694,2025-08-18 21:00:00,28.0,75.0,0.0,3.0,nasa_power,16.54,0.0
15695,2025-08-18 22:00:00,28.0,75.0,0.0,3.0,nasa_power,16.54,0.0
15696,2025-08-18 23:00:00,28.0,75.0,0.0,3.0,nasa_power,16.54,0.0
15697,2025-08-19 00:00:00,28.0,75.0,0.0,3.0,nasa_power,16.54,0.0
15698,2025-08-19 01:00:00,28.0,75.0,0.0,3.0,nasa_power,16.54,0.0
15699,2025-08-19 02:00:00,28.0,75.0,0.0,3.0,nasa_power,16.54,0.0
15700,2025-08-19 03:00:00,28.0,75.0,0.0,3.0,nasa_power,16.54,0.0
15701,2025-08-19 04:00:00,28.0,75.0,0.0,3.0,nasa_power,16.54,0.0
15702,2025-08-19 05:00:00,28.0,75.0,0.0,3.0,nasa_power,16.54,0.0
15703,2025-08-19 06:00:00,28.0,75.0,0.0,3.0,nasa_power,16.54,0.0
15704,2025-08-19 07:00:00,28.0,75.0,0.0,3.0,nasa_power,16.54,0.0
15705,2025-08-19 08:00:00,28.0,75.0,0.0,3.0,nasa_power,16.54,0.0
15706,2025-08-19 09:00:00,28.0,75.0,0.0,3.0,nasa_power,16.54,0.0
15707,2025-08-19 10:00:00,28.0,75.0,0.0,3.0,nasa_power,16.54,0.0
15708,2025-08-19 11:00:00,28.0,75.0,0.0,3.0,nasa_power,16.54,0.0
15709,2025-08-19 12:00:00,28.0,75.0,0.0,3.0,nasa_power,16.54,0.0
15710,2025-08-19 13:00:00,28.0,75.0,0.0,3.0,nasa_power,16.54,0.0
15711,2025-08-19 14:00:00,28.0,75.0,0.0,3.0,nasa_power,16.54,0.0
15712,2025-08-19 15:00:00,28.0,75.0,0.0,3.0,nasa_power,16.54,0.0
15713,2025-08-19 16:00:00,28.0,75.0,0.0,3.0,nasa_power,16.54,0.0
15714,2025-08-19 17:00:00,28.0,75.0,0.0,3.0,nasa_power,16.54,0.0
15715,2025-08-19 18:00:00,28.0,75.0,0.0,3.0,nasa_power,16.54,0.0
15716,2025-08-19 19:00:00,28.0,75.0,0.0,3.0,nasa_power,16.54,0.0
15717,2025-08-19 20:00:00,28.0,75.0,0.0,3.0,nasa_power,16.54,0.0
15718,2025-08-19 21:00:00,28.0,75.0,0.0,3.0,nasa_power,16.54,0.0
15719,2025-08-19 22:00:00,28.0,75.0,0.0,3.0,nasa_power,16.54,0.0
15720,2025-08-19 23:00:00,28.0,75.0,0.0,3.0,nasa_power,16.54,0.0
15721,2025-08-20 00:00:00,28.0,75.0,0.0,3.0,nasa_power,16.54,0.0
15722,2025-08-20 01:00:00,28.0,75.0,0.0,3.0,nasa_power,16.54,0.0
15723,2025-08-20 02:00:00,28.0,75.0,0.0,3.0,nasa_power,16.54,0.0
15724,2025-08-20 03:00:00,28.0,75.0,0.0,3.0,nasa_power,16.54,0.0
15725,2025-08-20 04:00:00,28.0,75.0,0.0,3.0,nasa_power,16.54,0.0
15726,2025-08-20 05:00:00,28.0,75.0,0.0,3.0,nasa_power,16.54,0.0
15727,2025-08-20 06:00:00,28.0,75.0,0.0,3.0,nasa_power,16.54,0.0
15728,2025-08-20 07:00:00,28.0,75.0,0.0,3.0,nasa_power,16.54,0.0
15729,2025-08-20 08:00:00,28.0,75.0,0.0,3.0,nasa_power,16.54,0.0
15730,2025-08-20 09:00:00,28.0,75.0,0.0,3.0,nasa_power,16.54,0.0
15731,2025-08-20 10:00:00,28.0,75.0,0.0,3.0,nasa_power,16.54,0.0
15732,2025-08-20 11:00:00,28.0,75.0,0.0,3.0,nasa_power,16.54,0.0
15733,2025-08-20 12:00:00,28.0,75.0,0.0,3.0,nasa_power,16.54,0.0
15734,2025-08-20 13:00:00,28.0,75.0,0.0,3.0,nasa_power,16.54,0.0
15735,2025-08-20 14:00:00,28.0,75.0,0.0,3.0,nasa_power,16.54,0.0
15736,2025-08-20 15:00:00,28.0,75.0,0.0,3.0,nasa_power,16.54,0.0
15737,2025-08-20 16:00:00,28.0,75.0,0.0,3.0,nasa_power,16.54,0.0
15738,2025-08-20 17:00:00,28.0,75.0,0.0,3.0,nasa_power,16.54,0.0
15739,2025-08-20 18:00:00,28.0,75.0,0.0,3.0,nasa_power,16.54,0.0
15740,2025-08-20 19:00:00,28.0,75.0,0.0,3.0,nasa_power,16.54,0.0
15741,2025-08-20 20:00:00,28.0,75.0,0.0,3.0,nasa_power,16.54,0.0
15742,2025-08-20 21:00:00,28.0,75.0,0.0,3.0,nasa_power,16.54,0.0
15743,2025-08-20 22:00:00,28.0,75.0,0.0,3.0,nasa_power,16.54,0.0
15744,2025-08-20 23:00:00,28.0,75.0,0.0,3.0,nasa_power,16.54,0.0
15745,2025-08-21 00:00:00,28.0,75.0,0.0,3.0,nasa_power,16.54,0.0
15746,2025-08-21 01:00:00,28.0,75.0,0.0,3.0,nasa_power,16.54,0.0
15747,2025-08-21 02:00:00,28.0,75.0,0.0,3.0,nasa_power,16.54,0.0
15748,2025-08-21 03:00:00,28.0,75.0,0.0,3.0,nasa_power,16.54,0.0
15749,2025-08-21 04:00:00,28.0,75.0,0.0,3.0,nasa_power,16.54,0.0
15750,2025-08-21 05:00:00,28.0,75.0,0.0,3.0,nasa_power,16.54,0.0
15751,2025-08-21 06:00:00,28.0,75.0,0.0,3.0,nasa_power,16.54,0.0
15752,2025-08-21 07:00:00,28.0,75.0,0.0,3.0,nasa_power,16.54,0.0
15753,2025-08-21 08:00:00,28.0,75.0,0.0,3.0,nasa_power,16.54,0.0
15754,2025-08-21 09:00:00,28.0,75.0,0.0,3.0,nasa_power,16.54,0.0
15755,2025-08-21 10:00:00,28.0,75.0,0.0,3.0,nasa_power,16.54,0.0
15756,2025-08-21 11:00:00,28.0,75.0,0.0,3.0,nasa_power,16.54,0.0
15757,2025-08-21 12:00:00,28.0,75.0,0.0,3.0,nasa_power,16.54,0.0
15758,2025-08-21 13:00:00,28.0,75.0,0.0,3.0,nasa_power,16.54,0.0
15759,2025-08-21 14:00:00,28.0,75.0,0.0,3.0,nasa_power,16.54,0.0
15760,2025-08-21 15:00:00,28.0,75.0,0.0,3.0,nasa_power,16.54,0.0
15761,2025-08-21 16:00:00,28.0,75.0,0.0,3.0,nasa_power,16.54,0.0
15762,2025-08-21 17:00:00,28.0,75.0,0.0,3.0,nasa_power,16.54,0.0
15763,2025-08-21 18:00:00,28.0,75.0,0.0,3.0,nasa_power,16.54,0.0
15764,2025-08-21 19:00:00,28.0,75.0,0.0,3.0,nasa_power,16.54,0.0
15765,2025-08-21 20:00:00,28.0,75.0,0.0,3.0,nasa_power,16.54,0.0
15766,2025-08-21 21:00:00,28.0,75.0,0.0,3.0,nasa_power,16.54,0.0
15767,2025-08-21 22:00:00,28.0,75.0,0.0,3.0,nasa_power,16.54,0.0
15768,2025-08-21 23:00:00,28.0,75.0,0.0,3.0,nasa_power,16.54,0.0
15769,2025-08-22 00:00:00,28.0,75.0,0.0,3.0,nasa_power,16.54,0.0
15770,2025-08-22 01:00:00,28.0,75.0,0.0,3.0,nasa_power,16.54,0.0
15771,2025-08-22 02:00:00,28.0,75.0,0.0,3.0,nasa_power,16.54,0.0
15772,2025-08-22 03:00:00,28.0,75.0,0.0,3.0,nasa_power,16.54,0.0
15773,2025-08-22 04:00:00,28.0,75.0,0.0,3.0,nasa_power,16.54,0.0
15774,2025-08-22 05:00:00,28.0,75.0,0.0,3.0,nasa_power,16.54,0.0
15775,2025-08-22 06:00:00,28.0,75.0,0.0,3.0,nasa_power,16.54,0.0
15776,2025-08-22 07:00:00,28.0,75.0,0.0,3.0,nasa_power,16.54,0.0
15777,2025-08-22 08:00:00,28.0,75.0,0.0,3.0,nasa_power,16.54,0.0
15778,2025-08-22 09:00:00,28.0,75.0,0.0,3.0,nasa_power,16.54,0.0
15779,2025-08-22 10:00:00,28.0,75.0,0.0,3.0,nasa_power,16.54,0.0
15780,2025-08-22 11:00:00,28.0,75.0,0.0,3.0,nasa_power,16.54,0.0
15781,2025-08-22 12:00:00,28.0,75.0,0.0,3.0,nasa_power,16.54,0.0
15782,2025-08-22 13:00:00,28.0,75.0,0.0,3.0,nasa_power,16.54,0.0
15783,2025-08-22 14:00:00,28.0,75.0,0.0,3.0,nasa_power,16.54,0.0
15784,2025-08-22 15:00:00,28.0,75.0,0.0,3.0,nasa_power,16.54,0.0
15785,2025-08-22 16:00:00,28.0,75.0,0.0,3.0,nasa_power,16.54,0.0
15786,2025-08-22 17:00:00,28.0,75.0,0.0,3.0,nasa_power,16.54,0.0
15787,2025-08-22 18:00:00,28.0,75.0,0.0,3.0,nasa_power,16.54,0.0
15788,2025-08-22 19:00:00,28.0,75.0,0.0,3.0,nasa_power,16.54,0.0
15789,2025-08-22 20:00:00,28.0,75.0,0.0,3.0,nasa_power,16.54,0.0
15790,2025-08-22 21:00:00,28.0,75.0,0.0,3.0,nasa_power,16.54,0.0
15791,2025-08-22 22:00:00,28.0,75.0,0.0,3.0,nasa_power,16.54,0.0
15792,2025-08-22 23:00:00,28.0,75.0,0.0,3.0,nasa_power,16.54,0.0
15793,2025-08-23 00:00:00,28.0,75.0,0.0,3.0,nasa_power,16.54,0.0
15794,2025-08-23 01:00:00,28.0,75.0,0.0,3.0,nasa_power,16.54,0.0
15795,2025-08-23 02:00:00,28.0,75.0,0.0,3.0,nasa_power,16.54,0.0
15796,2025-08-23 03:00:00,28.0,75.0,0.0,3.0,nasa_power,16.54,0.0
15797,2025-08-23 04:00:00,28.0,75.0,0.0,3.0,nasa_power,16.54,0.0
15798,2025-08-23 05:00:00,28.0,75.0,0.0,3.0,nasa_power,16.54,0.0
15799,2025-08-23 06:00:00,28.0,75.0,0.0,3.0,nasa_power,16.54,0.0
15800,2025-08-23 07:00:00,28.0,75.0,0.0,3.0,nasa_power,16.54,0.0
15801,2025-08-23 08:00:00,28.0,75.0,0.0,3.0,nasa_power,16.54,0.0
15802,2025-08-23 09:00:00,28.0,75.0,0.0,3.0,nasa_power,16.54,0.0
15803,2025-08-23 10:00:00,28.0,75.0,0.0,3.0,nasa_power,16.54,0.0
15804,2025-08-23 11:00:00,28.0,75.0,0.0,3.0,nasa_power,16.54,0.0
15805,2025-08-23 12:00:00,28.0,75.0,0.0,3.0,nasa_power,16.54,0.0
15806,2025-08-23 13:00:00,28.0,75.0,0.0,3.0,nasa_power,16.54,0.0
15807,2025-08-23 14:00:00,28.0,75.0,0.0,3.0,nasa_power,16.54,0.0
15808,2025-08-23 15:00:00,28.0,75.0,0.0,3.0,nasa_power,16.54,0.0
15809,2025-08-23 16:00:00,28.0,75.0,0.0,3.0,nasa_power,16.54,0.0
15810,2025-08-23 17:00:00,28.0,75.0,0.0,3.0,nasa_power,16.54,0.0
15811,2025-08-23 18:00:00,28.0,75.0,0.0,3.0,nasa_power,16.54,0.0
15812,2025-08-23 19:00:00,28.0,75.0,0.0,3.0,nasa_power,16.54,0.0
15813,2025-08-23 20:00:00,28.0,75.0,0.0,3.0,nasa_power,16.54,0.0
15814,2025-08-23 21:00:00,28.0,75.0,0.0,3.0,nasa_power,16.54,0.0
15815,2025-08-23 22:00:00,28.0,75.0,0.0,3.0,nasa_power,16.54,0.0
15816,2025-08-23 23:00:00,28.0,75.0,0.0,3.0,nasa_power,16.54,0.0
15817,2025-08-24 00:00:00,28.0,75.0,0.0,3.0,nasa_power,16.54,0.0
15818,2025-08-24 01:00:00,28.0,75.0,0.0,3.0,nasa_power,16.54,0.0
15819,2025-08-24 02:00:00,28.0,75.0,0.0,3.0,nasa_power,16.54,0.0
15820,2025-08-24 03:00:00,28.0,75.0,0.0,3.0,nasa_power,16.54,0.0
15821,2025-08-24 04:00:00,28.0,75.0,0.0,3.0,nasa_power,16.54,0.0
15822,2025-08-24 05:00:00,28.0,75.0,0.0,3.0,nasa_power,16.54,0.0
15823,2025-08-24 06:00:00,28.0,75.0,0.0,3.0,nasa_power,16.54,0.0
15824,2025-08-24 07:00:00,28.0,75.0,0.0,3.0,nasa_power,16.54,0.0
15825,2025-08-24 08:00:00,28.0,75.0,0.0,3.0,nasa_power,16.54,0.0
15826,2025-08-24 09:00:00,28.0,75.0,0.0,3.0,nasa_power,16.54,0.0
15827,2025-08-24 10:00:00,28.0,75.0,0.0,3.0,nasa_power,16.54,0.0
15828,2025-08-24 11:00:00,28.0,75.0,0.0,3.0,nasa_power,16.54,0.0
15829,2025-08-24 12:00:00,28.0,75.0,0.0,3.0,nasa_power,16.54,0.0
15830,2025-08-24 13:00:00,28.0,75.0,0.0,3.0,nasa_power,16.54,0.0
15831,2025-08-24 14:00:00,28.0,75.0,0.0,3.0,nasa_power,16.54,0.0
15832,2025-08-24 15:00:00,28.0,75.0,0.0,3.0,nasa_power,16.54,0.0
15833,2025-08-24 16:00:00,28.0,75.0,0.0,3.0,nasa_power,16.54,0.0
15834,2025-08-24 17:00:00,28.0,75.0,0.0,3.0,nasa_power,16.54,0.0
15835,2025-08-24 18:00:00,28.0,75.0,0.0,3.0,nasa_power,16.54,0.0
15836,2025-08-24 19:00:00,28.0,75.0,0.0,3.0,nasa_power,16.54,0.0
15837,2025-08-24 20:00:00,28.0,75.0,0.0,3.0,nasa_power,16.54,0.0
15838,2025-08-24 21:00:00,28.0,75.0,0.0,3.0,nasa_power,16.54,0.0
15839,2025-08-24 22:00:00,28.0,75.0,0.0,3.0,nasa_power,16.54,0.0
15840,2025-08-24 23:00:00,28.0,75.0,0.0,3.0,nasa_power,16.54,0.0
15841,2025-08-25 00:00:00,28.0,75.0,0.0,3.0,nasa_power,16.54,0.0
15842,2025-08-25 01:00:00,28.0,75.0,0.0,3.0,nasa_power,16.54,0.0
15843,2025-08-25 02:00:00,28.0,75.0,0.0,3.0,nasa_power,16.54,0.0
15844,2025-08-25 03:00:00,28.0,75.0,0.0,3.0,nasa_power,16.54,0.0
15845,2025-08-25 04:00:00,28.0,75.0,0.0,3.0,nasa_power,16.54,0.0
15846,2025-08-25 05:00:00,28.0,75.0,0.0,3.0,nasa_power,16.54,0.0
15847,2025-08-25 06:00:00,28.0,75.0,0.0,3.0,nasa_power,16.54,0.0
15848,2025-08-25 07:00:00,28.0,75.0,0.0,3.0,nasa_power,16.54,0.0
15849,2025-08-25 08:00:00,28.0,75.0,0.0,3.0,nasa_power,16.54,0.0
15850,2025-08-25 09:00:00,28.0,75.0,0.0,3.0,nasa_power,16.54,0.0
15851,2025-08-25 10:00:00,28.0,75.0,0.0,3.0,nasa_power,16.54,0.0
15852,2025-08-25 11:00:00,28.0,75.0,0.0,3.0,nasa_power,16.54,0.0
15853,2025-08-25 12:00:00,28.0,75.0,0.0,3.0,nasa_power,16.54,0.0
15854,2025-08-25 13:00:00,28.0,75.0,0.0,3.0,nasa_power,16.54,0.0
15855,2025-08-25 14:00:00,28.0,75.0,0.0,3.0,nasa_power,16.54,0.0
15856,2025-08-25 15:00:00,28.0,75.0,0.0,3.0,nasa_power,16.54,0.0
15857,2025-08-25 16:00:00,28.0,75.0,0.0,3.0,nasa_power,16.54,0.0
15858,2025-08-25 17:00:00,28.0,75.0,0.0,3.0,nasa_power,16.54,0.0
15859,2025-08-25 18:00:00,28.0,75.0,0.0,3.0,nasa_power,16.54,0.0
15860,2025-08-25 19:00:00,28.0,75.0,0.0,3.0,nasa_power,16.54,0.0
15861,2025-08-25 20:00:00,28.0,75.0,0.0,3.0,nasa_power,16.54,0.0
15862,2025-08-25 21:00:00,28.0,75.0,0.0,3.0,nasa_power,16.54,0.0
15863,2025-08-25 22:00:00,28.0,75.0,0.0,3.0,nasa_power,16.54,0.0
15864,2025-08-25 23:00:00,28.0,75.0,0.0,3.0,nasa_power,16.54,0.0
15865,2025-08-26 00:00:00,28.0,75.0,0.0,3.0,nasa_power,16.54,0.0
15866,2025-08-26 01:00:00,28.0,75.0,0.0,3.0,nasa_power,16.54,0.0
15867,2025-08-26 02:00:00,28.0,75.0,0.0,3.0,nasa_power,16.54,0.0
15868,2025-08-26 03:00:00,28.0,75.0,0.0,3.0,nasa_power,16.54,0.0
15869,2025-08-26 04:00:00,28.0,75.0,0.0,3.0,nasa_power,16.54,0.0
15870,2025-08-26 05:00:00,28.0,75.0,0.0,3.0,nasa_power,16.54,0.0
15871,2025-08-26 06:00:00,28.0,75.0,0.0,3.0,nasa_power,16.54,0.0
15872,2025-08-26 07:00:00,28.0,75.0,0.0,3.0,nasa_power,16.54,0.0
15873,2025-08-26 08:00:00,28.0,75.0,0.0,3.0,nasa_power,16.54,0.0
15874,2025-08-26 09:00:00,28.0,75.0,0.0,3.0,nasa_power,16.54,0.0
15875,2025-08-26 10:00:00,28.0,75.0,0.0,3.0,nasa_power,16.54,0.0
15876,2025-08-26 11:00:00,28.0,75.0,0.0,3.0,nasa_power,16.54,0.0
15877,2025-08-26 12:00:00,28.0,75.0,0.0,3.0,nasa_power,16.54,0.0
15878,2025-08-26 13:00:00,28.0,75.0,0.0,3.0,nasa_power,16.54,0.0
15879,2025-08-26 14:00:00,28.0,75.0,0.0,3.0,nasa_power,16.54,0.0
15880,2025-08-26 15:00:00,28.0,75.0,0.0,3.0,nasa_power,16.54,0.0
15881,2025-08-26 16:00:00,28.0,75.0,0.0,3.0,nasa_power,16.54,0.0
15882,2025-08-26 17:00:00,28.0,75.0,0.0,3.0,nasa_power,16.54,0.0
15883,2025-08-26 18:00:00,28.0,75.0,0.0,3.0,nasa_power,16.54,0.0
15884,2025-08-26 19:00:00,28.0,75.0,0.0,3.0,nasa_power,16.54,0.0
15885,2025-08-26 20:00:00,28.0,75.0,0.0,3.0,nasa_power,16.54,0.0
15886,2025-08-26 21:00:00,28.0,75.0,0.0,3.0,nasa_power,16.54,0.0
15887,2025-08-26 22:00:00,28.0,75.0,0.0,3.0,nasa_power,16.54,0.0
15888,2025-08-26 23:00:00,28.0,75.0,0.0,3.0,nasa_power,16.54,0.0
15889,2025-08-27 00:00:00,28.0,75.0,0.0,3.0,nasa_power,16.54,0.0
15890,2025-08-27 01:00:00,28.0,75.0,0.0,3.0,nasa_power,16.54,0.0
15891,2025-08-27 02:00:00,28.0,75.0,0.0,3.0,nasa_power,16.54,0.0
15892,2025-08-27 03:00:00,28.0,75.0,0.0,3.0,nasa_power,16.54,0.0
15893,2025-08-27 04:00:00,28.0,75.0,0.0,3.0,nasa_power,16.54,0.0
15894,2025-08-27 05:00:00,28.0,75.0,0.0,3.0,nasa_power,16.54,0.0
15895,2025-08-27 06:00:00,28.0,75.0,0.0,3.0,nasa_power,16.54,0.0
15896,2025-08-27 07:00:00,28.0,75.0,0.0,3.0,nasa_power,16.54,0.0
15897,2025-08-27 08:00:00,28.0,75.0,0.0,3.0,nasa_power,16.54,0.0
15898,2025-08-27 09:00:00,28.0,75.0,0.0,3.0,nasa_power,16.54,0.0
15899,2025-08-27 10:00:00,28.0,75.0,0.0,3.0,nasa_power,16.54,0.0
15900,2025-08-27 11:00:00,28.0,75.0,0.0,3.0,nasa_power,16.54,0.0
15901,2025-08-27 12:00:00,28.0,75.0,0.0,3.0,nasa_power,16.54,0.0
15902,2025-08-27 13:00:00,28.0,75.0,0.0,3.0,nasa_power,16.54,0.0
15903,2025-08-27 14:00:00,28.0,75.0,0.0,3.0,nasa_power,16.54,0.0
15904,2025-08-27 15:00:00,28.0,75.0,0.0,3.0,nasa_power,16.54,0.0
15905,2025-08-27 16:00:00,28.0,75.0,0.0,3.0,nasa_power,16.54,0.0
15906,2025-08-27 17:00:00,28.0,75.0,0.0,3.0,nasa_power,16.54,0.0
15907,2025-08-27 18:00:00,28.0,75.0,0.0,3.0,nasa_power,16.54,0.0
15908,2025-08-27 19:00:00,28.0,75.0,0.0,3.0,nasa_power,16.54,0.0
15909,2025-08-27 20:00:00,28.0,75.0,0.0,3.0,nasa_power,16.54,0.0
15910,2025-08-27 21:00:00,28.0,75.0,0.0,3.0,nasa_power,16.54,0.0
15911,2025-08-27 22:00:00,28.0,75.0,0.0,3.0,nasa_power,16.54,0.0
15912,2025-08-27 23:00:00,28.0,75.0,0.0,3.0,nasa_power,16.54,0.0
15913,2025-08-28 00:00:00,28.0,75.0,0.0,3.0,nasa_power,16.54,0.0
15914,2025-08-28 01:00:00,28.0,75.0,0.0,3.0,nasa_power,16.54,0.0
15915,2025-08-28 02:00:00,28.0,75.0,0.0,3.0,nasa_power,16.54,0.0
15916,2025-08-28 03:00:00,28.0,75.0,0.0,3.0,nasa_power,16.54,0.0
15917,2025-08-28 04:00:00,28.0,75.0,0.0,3.0,nasa_power,16.54,0.0
15918,2025-08-28 05:00:00,28.0,75.0,0.0,3.0,nasa_power,16.54,0.0
15919,2025-08-28 06:00:00,28.0,75.0,0.0,3.0,nasa_power,16.54,0.0
15920,2025-08-28 07:00:00,28.0,75.0,0.0,3.0,nasa_power,16.54,0.0
15921,2025-08-28 08:00:00,28.0,75.0,0.0,3.0,nasa_power,16.54,0.0
15922,2025-08-28 09:00:00,28.0,75.0,0.0,3.0,nasa_power,16.54,0.0
15923,2025-08-28 10:00:00,28.0,75.0,0.0,3.0,nasa_power,16.54,0.0
15924,2025-08-28 11:00:00,28.0,75.0,0.0,3.0,nasa_power,16.54,0.0
15925,2025-08-28 12:00:00,28.0,75.0,0.0,3.0,nasa_power,16.54,0.0
15926,2025-08-28 13:00:00,28.0,75.0,0.0,3.0,nasa_power,16.54,0.0
15927,2025-08-28 14:00:00,28.0,75.0,0.0,3.0,nasa_power,16.54,0.0
15928,2025-08-28 15:00:00,28.0,75.0,0.0,3.0,nasa_power,16.54,0.0
15929,2025-08-28 16:00:00,28.0,75.0,0.0,3.0,nasa_power,16.54,0.0
15930,2025-08-28 17:00:00,28.0,75.0,0.0,3.0,nasa_power,16.54,0.0
15931,2025-08-28 18:00:00,28.0,75.0,0.0,3.0,nasa_power,16.54,0.0
15932,2025-08-28 19:00:00,28.0,75.0,0.0,3.0,nasa_power,16.54,0.0
15933,2025-08-28 20:00:00,28.0,75.0,0.0,3.0,nasa_power,16.54,0.0
15934,2025-08-28 21:00:00,28.0,75.0,0.0,3.0,nasa_power,16.54,0.0
15935,2025-08-28 22:00:00,28.0,75.0,0.0,3.0,nasa_power,16.54,0.0
15936,2025-08-28 23:00:00,28.0,75.0,0.0,3.0,nasa_power,16.54,0.0
15937,2025-08-29 00:00:00,28.0,75.0,0.0,3.0,nasa_power,16.54,0.0
15938,2025-08-29 01:00:00,28.0,75.0,0.0,3.0,nasa_power,16.54,0.0
15939,2025-08-29 02:00:00,28.0,75.0,0.0,3.0,nasa_power,16.54,0.0
15940,2025-08-29 03:00:00,28.0,75.0,0.0,3.0,nasa_power,16.54,0.0
15941,2025-08-29 04:00:00,28.0,75.0,0.0,3.0,nasa_power,16.54,0.0
15942,2025-08-29 05:00:00,28.0,75.0,0.0,3.0,nasa_power,16.54,0.0
15943,2025-08-29 06:00:00,28.0,75.0,0.0,3.0,nasa_power,16.54,0.0
15944,2025-08-29 07:00:00,28.0,75.0,0.0,3.0,nasa_power,16.54,0.0
15945,2025-08-29 08:00:00,28.0,75.0,0.0,3.0,nasa_power,16.54,0.0
15946,2025-08-29 09:00:00,28.0,75.0,0.0,3.0,nasa_power,16.54,0.0
15947,2025-08-29 10:00:00,28.0,75.0,0.0,3.0,nasa_power,16.54,0.0
15948,2025-08-29 11:00:00,28.0,75.0,0.0,3.0,nasa_power,16.54,0.0
15949,2025-08-29 12:00:00,28.0,75.0,0.0,3.0,nasa_power,16.54,0.0
15950,2025-08-29 13:00:00,28.0,75.0,0.0,3.0,nasa_power,16.54,0.0
15951,2025-08-29 14:00:00,28.0,75.0,0.0,3.0,nasa_power,16.54,0.0
15952,2025-08-29 15:00:00,28.0,75.0,0.0,3.0,nasa_power,16.54,0.0
15953,2025-08-29 16:00:00,28.0,75.0,0.0,3.0,nasa_power,16.54,0.0
15954,2025-08-29 17:00:00,28.0,75.0,0.0,3.0,nasa_power,16.54,0.0
15955,2025-08-29 18:00:00,28.0,75.0,0.0,3.0,nasa_power,16.54,0.0
15956,2025-08-29 19:00:00,28.0,75.0,0.0,3.0,nasa_power,16.54,0.0
15957,2025-08-29 20:00:00,28.0,75.0,0.0,3.0,nasa_power,16.54,0.0
15958,2025-08-29 21:00:00,28.0,75.0,0.0,3.0,nasa_power,16.54,0.0
15959,2025-08-29 22:00:00,28.0,75.0,0.0,3.0,nasa_power,16.54,0.0
15960,2025-08-29 23:00:00,28.0,75.0,0.0,3.0,nasa_power,16.54,0.0
15961,2025-08-30 00:00:00,28.0,75.0,0.0,3.0,nasa_power,16.54,0.0
15962,2025-08-30 01:00:00,28.0,75.0,0.0,3.0,nasa_power,16.54,0.0
15963,2025-08-30 02:00:00,28.0,75.0,0.0,3.0,nasa_power,16.54,0.0
15964,2025-08-30 03:00:00,28.0,75.0,0.0,3.0,nasa_power,16.54,0.0
15965,2025-08-30 04:00:00,28.0,75.0,0.0,3.0,nasa_power,16.54,0.0
15966,2025-08-30 05:00:00,28.0,75.0,0.0,3.0,nasa_power,16.54,0.0
15967,2025-08-30 06:00:00,28.0,75.0,0.0,3.0,nasa_power,16.54,0.0
15968,2025-08-30 07:00:00,28.0,75.0,0.0,3.0,nasa_power,16.54,0.0
15969,2025-08-30 08:00:00,28.0,75.0,0.0,3.0,nasa_power,16.54,0.0
15970,2025-08-30 09:00:00,28.0,75.0,0.0,3.0,nasa_power,16.54,0.0
15971,2025-08-30 10:00:00,28.0,75.0,0.0,3.0,nasa_power,16.54,0.0
15972,2025-08-30 11:00:00,28.0,75.0,0.0,3.0,nasa_power,16.54,0.0
15973,2025-08-30 12:00:00,28.0,75.0,0.0,3.0,nasa_power,16.54,0.0
15974,2025-08-30 13:00:00,28.0,75.0,0.0,3.0,nasa_power,16.54,0.0
15975,2025-08-30 14:00:00,28.0,75.0,0.0,3.0,nasa_power,16.54,0.0
15976,2025-08-30 15:00:00,28.0,75.0,0.0,3.0,nasa_power,16.54,0.0
15977,2025-08-30 16:00:00,28.0,75.0,0.0,3.0,nasa_power,16.54,0.0
15978,2025-08-30 17:00:00,28.0,75.0,0.0,3.0,nasa_power,16.54,0.0
15979,2025-08-30 18:00:00,28.0,75.0,0.0,3.0,nasa_power,16.54,0.0
15980,2025-08-30 19:00:00,28.0,75.0,0.0,3.0,nasa_power,16.54,0.0
15981,2025-08-30 20:00:00,28.0,75.0,0.0,3.0,nasa_power,16.54,0.0
15982,2025-08-30 21:00:00,28.0,75.0,0.0,3.0,nasa_power,16.54,0.0
15983,2025-08-30 22:00:00,28.0,75.0,0.0,3.0,nasa_power,16.54,0.0
15984,2025-08-30 23:00:00,28.0,75.0,0.0,3.0,nasa_power,16.54,0.0
15985,2025-08-31 00:00:00,28.0,75.0,0.0,3.0,nasa_power,16.54,0.0
15986,2025-08-31 01:00:00,28.0,75.0,0.0,3.0,nasa_power,16.54,0.0
15987,2025-08-31 02:00:00,28.0,75.0,0.0,3.0,nasa_power,16.54,0.0
15988,2025-08-31 03:00:00,28.0,75.0,0.0,3.0,nasa_power,16.54,0.0
15989,2025-08-31 04:00:00,28.0,75.0,0.0,3.0,nasa_power,16.54,0.0
15990,2025-08-31 05:00:00,28.0,75.0,0.0,3.0,nasa_power,16.54,0.0
15991,2025-08-31 06:00:00,28.0,75.0,0.0,3.0,nasa_power,16.54,0.0
15992,2025-08-31 07:00:00,28.0,75.0,0.0,3.0,nasa_power,16.54,0.0
15993,2025-08-31 08:00:00,28.0,75.0,0.0,3.0,nasa_power,16.54,0.0
15994,2025-08-31 09:00:00,28.0,75.0,0.0,3.0,nasa_power,16.54,0.0
15995,2025-08-31 10:00:00,28.0,75.0,0.0,3.0,nasa_power,16.54,0.0
15996,2025-08-31 11:00:00,28.0,75.0,0.0,3.0,nasa_power,16.54,0.0
15997,2025-08-31 12:00:00,28.0,75.0,0.0,3.0,nasa_power,16.54,0.0
15998,2025-08-31 13:00:00,28.0,75.0,0.0,3.0,nasa_power,16.54,0.0
15999,2025-08-31 14:00:00,28.0,75.0,0.0,3.0,nasa_power,16.54,0.0
16000,2025-08-31 15:00:00,28.0,75.0,0.0,3.0,nasa_power,16.54,0.0
16001,2025-08-31 16:00:00,28.0,75.0,0.0,3.0,nasa_power,16.54,0.0
16002,2025-08-31 17:00:00,28.0,75.0,0.0,3.0,nasa_power,16.54,0.0
16003,2025-08-31 18:00:00,28.0,75.0,0.0,3.0,nasa_power,16.54,0.0
16004,2025-08-31 19:00:00,28.0,75.0,0.0,3.0,nasa_power,16.54,0.0
16005,2025-08-31 20:00:00,28.0,75.0,0.0,3.0,nasa_power,16.54,0.0
16006,2025-08-31 21:00:00,28.0,75.0,0.0,3.0,nasa_power,16.54,0.0
16007,2025-08-31 22:00:00,28.0,75.0,0.0,3.0,nasa_power,16.54,0.0
16008,2025-08-31 23:00:00,28.0,75.0,0.0,3.0,nasa_power,16.54,0.0
